TABLE_SCHEMA|TABLE_NAME|COLUMN_NAME|ORDINAL_POSITION|CONSTRAINT_NAME
------------|----------|-----------|----------------|---------------
dbo|App_Chat|Id|1|PK_App_Chat
dbo|App_Chat_Groups|Id|1|PK_App_Chat_Groups
dbo|App_Chat_Groups_Users|Id|1|PK_App_Chat_Groups_Users
dbo|App_Data_Types|Id|1|PK__App_Data__3214EC07BB37FB90
dbo|App_Design_Variables|Id|1|PK_App_Design_Variables
dbo|App_Design_Variables_Items|Id|1|PK_App_Design_Variables_Items
dbo|App_Entities|Id|1|PK_AppEntities
dbo|App_Entities_Fields|Id|1|PK_App_Entities_Fields
dbo|App_Entities_Property|Id|1|PK_App_Entities_Property
dbo|App_Entities_Selector|Id|1|PK__App_Enti__3214EC077B7284B7
dbo|App_Entities_Types|Id|1|PK__App_Enti__3214EC07D1667FDB
dbo|App_Formula_Create_Fn|Id|1|PK_App_Formula_Create_Fn
dbo|App_Log_Events|Code|1|PK_App_Log_Events_1
dbo|App_Log_Messages|Id|1|PK_App_Log_Messages
dbo|App_Log_Type_Events|Code|1|PK_App_Log_Type_Events
dbo|App_Log_Zeus|Id|1|PK_App_Log_Zeus
dbo|app_parameters|id|1|PK_App_Parameters
dbo|App_Searcher|Id|1|PK_App_Searcher
dbo|App_Searcher_Fields|Id|1|PK_App_Searcher_Fields
dbo|App_Searcher_Operators|Id|1|PK_App_Searcher_Operators
dbo|App_Variables_Group|Id|1|PK__App_Vari__3214EC072B59859F
dbo|App_Variables_List_Options|Id|1|PK__App_Vari__3214EC079A3B7804
dbo|App_Widget|Id|1|PK_App_Widget
dbo|App_Widget_Group|Id|1|PK_App_Widget_Group
dbo|App_Widget_Service|Id|1|PK_App_Widget_Service
dbo|appinfo|id|1|PK_AppInfo
dbo|ArchivosAdjuntos|Id|1|PK_ArchivosAdjuntos_Id
dbo|ArchivosAdjuntosMaestros|Id|1|PK_ArchivosAdjuntosMaestros
dbo|AspNetAccessByRecord|Id|1|PK_AspNetAccessByRecord
dbo|AspNetAccessByRecord_Privigeles|Id|1|PK_AspNetAccessByRecord_Privigeles
dbo|AspNetPrivileges|Id|1|PK__AspNetPr__3214EC07DB7BFB3B
dbo|AspNetRoleClaims|Id|1|PK_AspNetRoleClaims
dbo|AspNetRolePrivileges|Id|1|PK__AspNetRo__3214EC0704390691
dbo|AspNetRoles|Id|1|PK_AspNetRoles
dbo|AspNetTokenPasswordRecovery|Id|1|PK_AspNetTokenPasswordRecovery
dbo|AspNetUserClaims|Id|1|PK_AspNetUserClaims
dbo|AspNetUserLogins|LoginProvider|1|PK_AspNetUserLogins
dbo|AspNetUserLogins|ProviderKey|2|PK_AspNetUserLogins
dbo|AspNetUserRoles|UserId|1|PK_AspNetUserRoles
dbo|AspNetUserRoles|RoleId|2|PK_AspNetUserRoles
dbo|AspNetUsers|Id|1|PK_AspNetUsers
dbo|autopedido|id|1|PK_AutoPedido
dbo|commandhistory|id|1|PK_CommandHistory
dbo|DocumentosRelacionAdjuntos|Id|1|PK_DocumentosRelacionAdjuntos
dbo|Entidades|Id|1|PK_entidades
dbo|HistorialPagos|rowid|1|pk_historialpagos
dbo|LEAF_LOG|LOG_ID|1|LOG_PK
dbo|LEAF_MESSAGE|MESSAGE_ID|1|MESSAGE_PK
dbo|LEAF_MODULE|MODULE_ID|1|PK_MODULE
dbo|sys_Entidades|id|1|PK_sys_entidades
dbo|t000_documentacion|f000_tabla|1|PK_t000
dbo|t000_documentacion|f000_campo|2|PK_t000
dbo|t0000_doc_procesos|f0000_id_proceso|1|PK_t0000
dbo|t0001_doc_proceso_tablas|f0001_id_proceso|1|PK_t0001
dbo|t0001_doc_proceso_tablas|f0001_id_tabla|2|PK_t0001
dbo|t0005_pp_metadata|f0005_version|1|PK_t0005
dbo|t0005_pp_metadata|f0005_id_tabla|2|PK_t0005
dbo|t0005_pp_metadata|f0005_ind_tipo|3|PK_t0005
dbo|t0005_pp_metadata|f0005_id_objeto|4|PK_t0005
dbo|t001_pp_parametros|f001_rowid|1|PK_t001
dbo|t0011_pp_culturas|f0011_id|1|PK_t0011
dbo|t0012_pp_licencias_sbs|f0012_rowid_licencia|1|PK_t0012
dbo|t0013_pp_licencias|f0013_rowid_licencia|1|PK_t0013
dbo|t0014_pp_auth_prov|f0014_id|1|PK_t0014
dbo|t002_pp_versiones|f002_id|1|PK_t002
dbo|t0021_pp_procesos|f0021_rowid|1|PK_t0021
dbo|t003_pp_modulos|f003_id|1|PK_t003
dbo|t004_pp_pref_usuario|f004_rowid_usuario|1|PK_t004
dbo|t005_pp_certificador_fiscal|f005_id|1|PK_t005_pp_certificador_fiscal
dbo|t0051_pp_provee_integracion|f0051_id|1|PK_t0051
dbo|t0052_pp_plataformas_pago|f0052_id|1|PK_t0052
dbo|t0053_pp_cfg_apariencia|f0053_id|1|PK_t0053
dbo|t006_pp_param_automatizacion|f006_id|1|PK_t006
dbo|t007_mm_automatizacion_proceso|f007_id_cia|1|PK_t007
dbo|t007_mm_automatizacion_proceso|f007_id|2|PK_t007
dbo|t008_mm_automatizacion_valores|f008_id_cia|1|PK_t008
dbo|t008_mm_automatizacion_valores|f008_id_automatizacion_proceso|2|PK_t008
dbo|t008_mm_automatizacion_valores|f008_id_parametro_xml|3|PK_t008
dbo|t009_pp_proveedor_servicio|f009_id|1|PK_t009
dbo|t010_mm_companias|f010_id|1|PK_t010
dbo|t011_mm_paises|f011_id|1|PK_t011
dbo|t012_mm_deptos|f012_id_pais|1|PK_t012
dbo|t012_mm_deptos|f012_id|2|PK_t012
dbo|t013_mm_ciudades|f013_id_pais|1|PK_t013
dbo|t013_mm_ciudades|f013_id_depto|2|PK_t013
dbo|t013_mm_ciudades|f013_id|3|PK_t013
dbo|t014_mm_barrios|f014_id_pais|1|PK_t014
dbo|t014_mm_barrios|f014_id_depto|2|PK_t014
dbo|t014_mm_barrios|f014_id_ciudad|3|PK_t014
dbo|t014_mm_barrios|f014_id|4|PK_t014
dbo|t015_mm_contactos|f015_rowid|1|PK_t015
dbo|t0151_mm_direccion1|f0151_rowid|1|PK_t0151
dbo|t0152_mm_direccion2|f0152_rowid|1|PK_t0152
dbo|t0153_mm_direccion3|f0153_rowid|1|PK_t0153
dbo|t0154_mm_direccion3_etiq|f0154_rowid_dir3|1|PK_t0154
dbo|t0154_mm_direccion3_etiq|f0154_numero_et|2|PK_t0154
dbo|t0158_mm_otros_contac_clases|f0158_rowid|1|PK_t0158
dbo|t016_mm_bancos|f016_id|1|PK_t016
dbo|t017_mm_monedas|f017_id_cia|1|PK_t017
dbo|t017_mm_monedas|f017_id|2|PK_t017
dbo|t0171_mm_tipos_cambio|f0171_id_cia|1|PK_t0171
dbo|t0171_mm_tipos_cambio|f0171_id|2|PK_t0171
dbo|t018_mm_tasas_cambio|f018_id_cia|1|PK_t018
dbo|t018_mm_tasas_cambio|f018_id_tipo_cambio|2|PK_t018
dbo|t018_mm_tasas_cambio|f018_id_moneda|3|PK_t018
dbo|t018_mm_tasas_cambio|f018_fecha|4|PK_t018
dbo|t0181_mm_tipos_cambio_clases|f0181_id_cia|1|PK_t0181
dbo|t0181_mm_tipos_cambio_clases|f0181_id_clase_docto|2|PK_t0181
dbo|t0181_mm_tipos_cambio_clases|f0181_id_tipo_cambio|3|PK_t0181
dbo|t019_mm_cias_consolidadoras|f019_id_cia|1|PK_t019
dbo|t019_mm_cias_consolidadoras|f019_id_cia_consolidada|2|PK_t019
dbo|t020_mm_flias_documentos|f020_id_cia|1|PK_t020
dbo|t020_mm_flias_documentos|f020_id|2|PK_t020
dbo|t0201_mm_parametros_fact_elect|f0201_id_cia|1|PK_t0201
dbo|t0201_mm_parametros_fact_elect|f0201_id|2|PK_t0201
dbo|t0202_mm_imp_fiscal_config|f0202_rowid|1|PK_t0202
dbo|t021_mm_tipos_documentos|f021_id_cia|1|PK_t021
dbo|t021_mm_tipos_documentos|f021_id|2|PK_t021
dbo|t022_mm_consecutivos|f022_id_cia|1|PK_t022
dbo|t022_mm_consecutivos|f022_id_co|2|PK_t022
dbo|t022_mm_consecutivos|f022_id_tipo_docto|3|PK_t022
dbo|t0221_mm_consec_historia|f0221_id_cia|1|PK_t0221
dbo|t0221_mm_consec_historia|f0221_id_co|2|PK_t0221
dbo|t0221_mm_consec_historia|f0221_id_tipo_docto|3|PK_t0221
dbo|t0221_mm_consec_historia|f0221_fecha_resolucion|4|PK_t0221
dbo|t0222_mm_consecutivo_periodo|f0222_id_cia|1|PK_t0222
dbo|t0222_mm_consecutivo_periodo|f0222_id_periodo|2|PK_t0222
dbo|t0222_mm_consecutivo_periodo|f0222_id_co|3|PK_t0222
dbo|t0222_mm_consecutivo_periodo|f0222_id_tipo_docto|4|PK_t0222
dbo|t0223_mm_consec_res_int|f0223_id_cia|1|PK_t0223
dbo|t0223_mm_consec_res_int|f0223_resolucion|2|PK_t0223
dbo|t0224_mm_consec_res_int_hist|f0224_ts|1|PK_t0224
dbo|t0224_mm_consec_res_int_hist|f0224_id_cia|2|PK_t0224
dbo|t0224_mm_consec_res_int_hist|f0224_resolucion|3|PK_t0224
dbo|t023_mm_transiciones_estados|f023_id_grupo_clase_docto|1|PK_t023
dbo|t023_mm_transiciones_estados|f023_id_estado_desde|2|PK_t023
dbo|t023_mm_transiciones_estados|f023_id_estado_hasta|3|PK_t023
dbo|t024_mm_periodos|f024_id_cia|1|PK_t024
dbo|t024_mm_periodos|f024_id|2|PK_t024
dbo|t025_mm_medios_pago|f025_id_cia|1|PK_t025
dbo|t025_mm_medios_pago|f025_id|2|PK_t025
dbo|t0251_mm_medios_pago_liquida|f0251_id_cia|1|PK_t0251
dbo|t0251_mm_medios_pago_liquida|f0251_id_medio_pago|2|PK_t0251
dbo|t0251_mm_medios_pago_liquida|f0251_id_co|3|PK_t0251
dbo|t0251_mm_medios_pago_liquida|f0251_id_caja|4|PK_t0251
dbo|t0252_mm_grupo_medios_pago|f0252_rowid|1|PK_t0252
dbo|t0253_mm_grupo_medios_detalle|f0253_id_cia|1|PK_t0253
dbo|t0253_mm_grupo_medios_detalle|f0253_rowid_grupo_mp|2|PK_t0253
dbo|t0253_mm_grupo_medios_detalle|f0253_id_medio_pago|3|PK_t0253
dbo|t026_mm_cuentas_bancarias|f026_id_cia|1|PK_t026
dbo|t026_mm_cuentas_bancarias|f026_id|2|PK_t026
dbo|t0261_mm_cuentas_bancaria_pate|f0261_id_cia|1|PK_t0261
dbo|t0261_mm_cuentas_bancaria_pate|f0261_id_cuenta_bancaria|2|PK_t0261
dbo|t0262_mm_cuentas_banc_aux_sa|f0262_id_cia|1|PK_t0262
dbo|t0262_mm_cuentas_banc_aux_sa|f0262_id_cta_bancaria|2|PK_t0262
dbo|t0262_mm_cuentas_banc_aux_sa|f0262_rowid_auxiliar_cxp|3|PK_t0262
dbo|t027_mm_causales_devolucion|f027_id|1|PK_t027
dbo|t028_mm_clases_documento|f028_id|1|PK_t028
dbo|t0281_mm_clases_documento_cu|f0281_id_clase_docto|1|PK_t0281
dbo|t0281_mm_clases_documento_cu|f0281_id_cultura|2|PK_t0281
dbo|t029_mm_clases_tipos_documento|f029_id_cia|1|PK_t029
dbo|t029_mm_clases_tipos_documento|f029_id_clase_docto|2|PK_t029
dbo|t029_mm_clases_tipos_documento|f029_id_tipo_docto|3|PK_t029
dbo|t030_mm_firmas|f030_id_cia|1|PK_t030
dbo|t030_mm_firmas|f030_id|2|PK_t030
dbo|t031_mm_firmas_aprobaciones|f031_id_cia|1|PK_t031
dbo|t031_mm_firmas_aprobaciones|f031_id_firma|2|PK_t031
dbo|t031_mm_firmas_aprobaciones|f031_id_clase_documento|3|PK_t031
dbo|t032_mm_trans_bancarias|f032_id_banco|1|PK_t032
dbo|t032_mm_trans_bancarias|f032_id|2|PK_t032
dbo|t033_mm_cnta_bancaria_trans|f033_id_cia|1|PK_t033
dbo|t033_mm_cnta_bancaria_trans|f033_id_cuenta_bancaria|2|PK_t033
dbo|t033_mm_cnta_bancaria_trans|f033_id_banco|3|PK_t033
dbo|t033_mm_cnta_bancaria_trans|f033_id_transaccion|4|PK_t033
dbo|t0331_mm_cnta_ban_trans_co|f0331_rowid|1|PK_t0331
dbo|t034_mm_grupos_clases_docto|f034_id|1|PK_t034
dbo|t035_mm_clases_impuesto|f035_id|1|PK_t035
dbo|t036_mm_clases_impuesto_accion|f036_id_clase_impuesto|1|PK_t036
dbo|t036_mm_clases_impuesto_accion|f036_ind_tipo_cia|2|PK_t036
dbo|t036_mm_clases_impuesto_accion|f036_ind_tipo_tercero|3|PK_t036
dbo|t036_mm_clases_impuesto_accion|f036_id_valor_cia|4|PK_t036
dbo|t036_mm_clases_impuesto_accion|f036_id_valor_tercero|5|PK_t036
dbo|t037_mm_llaves_impuesto|f037_id_cia|1|PK_t037
dbo|t037_mm_llaves_impuesto|f037_id|2|PK_t037
dbo|t038_mm_clases_retencion|f038_id|1|PK_t038
dbo|t0381_mm_clases_ret_imp_base|f0381_id_clase_retencion|1|PK_t0381
dbo|t0381_mm_clases_ret_imp_base|f0381_id_clase_impuesto|2|PK_t0381
dbo|t039_mm_clases_ret_accion|f039_id_clase_retencion|1|PK_t039
dbo|t039_mm_clases_ret_accion|f039_ind_tipo_cia|2|PK_t039
dbo|t039_mm_clases_ret_accion|f039_ind_tipo_tercero|3|PK_t039
dbo|t039_mm_clases_ret_accion|f039_id_valor_cia|4|PK_t039
dbo|t039_mm_clases_ret_accion|f039_id_valor_tercero|5|PK_t039
dbo|t040_mm_llaves_retencion|f040_id_cia|1|PK_t040
dbo|t040_mm_llaves_retencion|f040_id|2|PK_t040
dbo|t041_mm_cia_base_imp|f041_rowid|1|PK_t041
dbo|t042_mm_cia_base_ret|f042_rowid|1|PK_t042
dbo|t043_mm_mensajes_implementa|f043_id|1|PK_t043
dbo|t044_mm_clase_impuesto_valores|f044_id_clase_impuesto|1|PK_t044
dbo|t044_mm_clase_impuesto_valores|f044_ind_tipo_indicador|2|PK_t044
dbo|t044_mm_clase_impuesto_valores|f044_id|3|PK_t044
dbo|t045_mm_clase_ret_valores|f045_id_clase_retencion|1|PK_t045
dbo|t045_mm_clase_ret_valores|f045_ind_tipo_indicador|2|PK_t045
dbo|t045_mm_clase_ret_valores|f045_id|3|PK_t045
dbo|t046_mm_cliente_base_impuesto|f046_rowid|1|PK_t046
dbo|t047_mm_cliente_base_retencion|f047_rowid|1|PK_t047
dbo|t048_mm_automatizacion_impto|f048_id_cia|1|PK_t048
dbo|t048_mm_automatizacion_impto|f048_id_clase_docto|2|PK_t048
dbo|t049_mm_prv_base_imp|f049_rowid|1|PK_t049
dbo|t050_mm_prv_base_ret|f050_rowid|1|PK_t050
dbo|t0501_mm_ret_trab_ind_tarifas|f0501_rowid|1|PK_t0501
dbo|t0502_mm_ret_trab_factor_uni|f0502_id_cia|1|PK_t0502
dbo|t0502_mm_ret_trab_factor_uni|f0502_id_periodo|2|PK_t0502
dbo|t0503_mm_ret_trab_prov_ded|f0503_id_cia|1|PK_t0503
dbo|t0503_mm_ret_trab_prov_ded|f0503_rowid_tercero|2|PK_t0503
dbo|t0503_mm_ret_trab_prov_ded|f0503_id_sucursal|3|PK_t0503
dbo|t0503_mm_ret_trab_prov_ded|f0503_id_periodo|4|PK_t0503
dbo|t0504_rete_fuente_parametros|f0504_ano|1|PK_t0504
dbo|t0505_rete_fuente_art383|f0505_rowid|1|PK_t0505
dbo|t0506_rete_fuente_art384|f0506_rowid|1|PK_t0506
dbo|t0507_rete_fuente_auxiliares|f0507_id_cia|1|PK_t0507
dbo|t051_mm_pref_usuario_cia|f051_id_cia|1|PK_t051
dbo|t051_mm_pref_usuario_cia|f051_rowid_usuario|2|PK_t051
dbo|t0511_pref_usu_sistema|f0511_id_cia|1|PK_t0511
dbo|t0511_pref_usu_sistema|f0511_rowid_usuario|2|PK_t0511
dbo|t0512_pref_usu_grp_clase|f0512_rowid|1|PK_t0512
dbo|t0513_pref_usu_gen_inv|f0513_id_cia|1|PK_t0513
dbo|t0513_pref_usu_gen_inv|f0513_rowid_usuario|2|PK_t0513
dbo|t0514_pref_usu_gen_vtas|f0514_id_cia|1|PK_t0514
dbo|t0514_pref_usu_gen_vtas|f0514_rowid_usuario|2|PK_t0514
dbo|t052_mm_pref_usuario_doctos|f052_id_cia|1|PK_t052
dbo|t052_mm_pref_usuario_doctos|f052_rowid_usuario|2|PK_t052
dbo|t052_mm_pref_usuario_doctos|f052_id_clase_docto|3|PK_t052
dbo|t052_mm_pref_usuario_doctos|f052_id_tipo_docto|4|PK_t052
dbo|t053_mm_fechas|f053_id_cia|1|PK_t053
dbo|t053_mm_fechas|f053_id|2|PK_t053
dbo|t054_mm_estados|f054_id_grupo_clase_docto|1|PK_t054
dbo|t054_mm_estados|f054_id|2|PK_t054
dbo|t055_mm_paags|f055_id_cia|1|PK_t055
dbo|t055_mm_paags|f055_periodo|2|PK_t055
dbo|t056_mm_grupos_cia|f056_id_cia|1|PK_t056
dbo|t056_mm_grupos_cia|f056_id|2|PK_t056
dbo|t057_mm_grupos_cia_sumariza|f057_id_cia|1|PK_t057
dbo|t057_mm_grupos_cia_sumariza|f057_id_grupo_cia|2|PK_t057
dbo|t057_mm_grupos_cia_sumariza|f057_id_cia_sumarizada|3|PK_t057
dbo|t058_mm_usuario_entidad|f058_rowid|1|PK_t058
dbo|t059_mm_movto_entre_cias|f059_rowid|1|PK_t059
dbo|t060_mm_algoritmo_dv|f060_id|1|PK_t060
dbo|t061_mm_usuarios_monto|f061_id_cia|1|PK_t061
dbo|t061_mm_usuarios_monto|f061_ind_tipo|2|PK_t061
dbo|t061_mm_usuarios_monto|f061_usuario|3|PK_t061
dbo|t0611_mm_usuarios_monto_moneda|f0611_id_cia|1|PK_t0611
dbo|t0611_mm_usuarios_monto_moneda|f0611_ind_tipo|2|PK_t0611
dbo|t0611_mm_usuarios_monto_moneda|f0611_usuario|3|PK_t0611
dbo|t0611_mm_usuarios_monto_moneda|f0611_id_moneda|4|PK_t0611
dbo|t062_mm_algoritmo_dv_calculo|f062_id|1|PK_t062
dbo|t062_mm_algoritmo_dv_calculo|f062_consecutivo|2|PK_t062
dbo|t063_cm_cfg_lote|f063_id|1|PK_t063
dbo|t066_mm_denominaciones|f066_id_cia|1|PK_t066
dbo|t066_mm_denominaciones|f066_id_moneda|2|PK_t066
dbo|t066_mm_denominaciones|f066_id|3|PK_t066
dbo|t067_mm_provision_cxc|f067_id_cia|1|PK_t067
dbo|t068_mm_provision_cxc_det|f068_id_cia|1|PK_t068
dbo|t068_mm_provision_cxc_det|f068_numero_ano|2|PK_t068
dbo|t070_mm_mandatos|f070_id_cia|1|PK_t070
dbo|t070_mm_mandatos|f070_id|2|PK_t070
dbo|t071_mm_mandato_base_imp|f071_rowid|1|PK_t071
dbo|t072_mm_mandato_base_ret|f072_rowid|1|PK_t072
dbo|t073_mm_deterioro_cxc|f073_rowid|1|PK_t073
dbo|t074_mm_deterioro_cxc_aux|f074_rowid_deterioro_cxc|1|PK_t074
dbo|t074_mm_deterioro_cxc_aux|f074_id_cia|2|PK_t074
dbo|t074_mm_deterioro_cxc_aux|f074_id_moneda|3|PK_t074
dbo|t075_mm_deterioro_cxc_linea|f075_rowid|1|PK_t075
dbo|t077_mm_mandato_auxiliar|f077_rowid|1|PK_t077
dbo|t078_mm_gastos_funcion|f078_rowid|1|PK_t078
dbo|t079_mm_cierre_cuentas|f079_rowid_auxiliar_origen|1|PK_t079
dbo|t080_mm_tipo_calendario|f080_id_cia|1|PK_t080
dbo|t080_mm_tipo_calendario|f080_id|2|PK_t080
dbo|t081_mm_calendario_fechas|f081_id_cia|1|PK_t081
dbo|t081_mm_calendario_fechas|f081_id_tipo_calendario|2|PK_t081
dbo|t081_mm_calendario_fechas|f081_id_instalacion|3|PK_t081
dbo|t081_mm_calendario_fechas|f081_fecha|4|PK_t081
dbo|t089_mm_maquinas|f089_rowid|1|PK_t089
dbo|t090_mm_prefijos_barras|f090_id_cia|1|PK_t090
dbo|t090_mm_prefijos_barras|f090_id|2|PK_t090
dbo|t091_mm_cfg_barras|f091_id_cia|1|PK_t091
dbo|t091_mm_cfg_barras|f091_id|2|PK_t091
dbo|t093_mm_seguimiento_evento|f093_id_cia|1|PK_t093
dbo|t093_mm_seguimiento_evento|f093_tipo_evento|2|PK_t093
dbo|t093_mm_seguimiento_evento|f093_id|3|PK_t093
dbo|t094_mm_seguimiento_movto|f094_rowid|1|PK_t094
dbo|t095_mm_impresoras|f095_id|1|PK_t095
dbo|t096_mm_basculas|f096_id|1|PK_t096
dbo|t097_mm_lector_barras|f097_id|1|PK_t097
dbo|t098_mm_lector_barras_prefijo|f098_id_lector_barras|1|PK_t098
dbo|t098_mm_lector_barras_prefijo|f098_prefijo|2|PK_t098
dbo|t099_mm_estaciones|f099_id|1|PK_t099
dbo|t100_pp_comerciales|f100_id_cia|1|PK_t100
dbo|t101_mc_unidades_medida|f101_id_cia|1|PK_t101
dbo|t101_mc_unidades_medida|f101_id|2|PK_t101
dbo|t102_mc_pos_arancelarias|f102_id_cia|1|PK_t102
dbo|t102_mc_pos_arancelarias|f102_id|2|PK_t102
dbo|t103_mc_descripciones_tecnicas|f103_id_cia|1|PK_t103
dbo|t103_mc_descripciones_tecnicas|f103_id|2|PK_t103
dbo|t104_mc_desc_tecnicas_campos|f104_rowid|1|PK_t104
dbo|t105_mc_criterios_item_planes|f105_id_cia|1|PK_t105
dbo|t105_mc_criterios_item_planes|f105_id|2|PK_t105
dbo|t1051_mc_grupo_crit_item|f1051_id_cia|1|PK_t1051
dbo|t1051_mc_grupo_crit_item|f1051_id|2|PK_t1051
dbo|t1052_mc_grupo_crit_item_plan|f1052_rowid|1|PK_t1052
dbo|t106_mc_criterios_item_mayores|f106_id_cia|1|PK_t106
dbo|t106_mc_criterios_item_mayores|f106_id_plan|2|PK_t106
dbo|t106_mc_criterios_item_mayores|f106_id|3|PK_t106
dbo|t107_mc_proyectos|f107_id_cia|1|PK_t107
dbo|t107_mc_proyectos|f107_id|2|PK_t107
dbo|t1071_mc_proyectos_co|f1071_id_cia|1|PK_t1071
dbo|t1071_mc_proyectos_co|f1071_id_proyecto|2|PK_t1071
dbo|t1071_mc_proyectos_co|f1071_id_co|3|PK_t1071
dbo|t1072_mc_proyectos_resp|f1072_id_cia|1|PK_t1072
dbo|t1072_mc_proyectos_resp|f1072_id_proyecto|2|PK_t1072
dbo|t1072_mc_proyectos_resp|f1072_rowid_terc_resp|3|PK_t1072
dbo|t1073_mc_proyectos_rol_resp|f1073_rowid|1|PK_t1073
dbo|t108_mc_cargue|f108_id_cia|1|PK_t108
dbo|t108_mc_cargue|f108_id_co|2|PK_t108
dbo|t108_mc_cargue|f108_id|3|PK_t108
dbo|t109_mc_grupo_dscto|f109_id_cia|1|PK_t109
dbo|t109_mc_grupo_dscto|f109_id|2|PK_t109
dbo|t110_mc_promo_dsctos|f110_rowid|1|PK_t110
dbo|t1101_mc_oferta_dsctos|f1101_rowid|1|PK_t1101
dbo|t11011_mc_oferta_dsctos_linea|f11011_rowid|1|PK_t11011
dbo|t111_mc_promo_dsctos_linea|f111_rowid|1|PK_t111
dbo|t1111_mc_promo_frecuencia|f1111_rowid|1|PK_t1111
dbo|t1112_mc_promo_frecuencia_det|f1112_rowid|1|PK_t1112
dbo|t1113_mc_promo_dsctos_co|f1113_rowid|1|PK_t1113
dbo|t1114_mc_promo_dsctos_mpago|f1114_rowid|1|PK_t1114
dbo|t1115_mc_promo_frecuencia_exce|f1115_rowid|1|PK_t1115
dbo|t1116_mc_promo_dsctos_vend|f1116_rowid|1|PK_t1116
dbo|t1117_mc_promo_dsctos_eventos|f1117_rowid|1|PK_t1117
dbo|t1118_mc_map_promo_d_mpago|f1118_rowid|1|PK_t1118
dbo|t112_mc_listas_precios|f112_id_cia|1|PK_t112
dbo|t112_mc_listas_precios|f112_id|2|PK_t112
dbo|t1121_mc_listas_precios_co|f1121_id_cia|1|PK_t1121
dbo|t1121_mc_listas_precios_co|f1121_id_lista_precio|2|PK_t1121
dbo|t1121_mc_listas_precios_co|f1121_id_co|3|PK_t1121
dbo|t113_mc_grupos_impositivos|f113_id_cia|1|PK_t113
dbo|t113_mc_grupos_impositivos|f113_id|2|PK_t113
dbo|t114_mc_grupos_impo_impuestos|f114_rowid|1|PK_t114
dbo|t1141_mc_grupos_impo_imp_exce|f1141_rowid|1|PK_t1141
dbo|t115_mc_grupos_impo_ret|f115_rowid|1|PK_t115
dbo|t1150_mc_agenda|f1150_rowid|1|PK_t1150
dbo|t1151_mc_agenda_prov|f1151_rowid|1|PK_t1151
dbo|t1152_mc_agenda_co|f1152_id_cia|1|PK_t1152
dbo|t1152_mc_agenda_co|f1152_rowid_agenda|2|PK_t1152
dbo|t1152_mc_agenda_co|f1152_id_co|3|PK_t1152
dbo|t1153_mc_agenda_prog|f1153_rowid|1|PK_t1153
dbo|t116_mc_extensiones1|f116_id_cia|1|PK_t116
dbo|t116_mc_extensiones1|f116_id|2|PK_t116
dbo|t117_mc_extensiones1_detalle|f117_id_cia|1|PK_t117
dbo|t117_mc_extensiones1_detalle|f117_id_extension1|2|PK_t117
dbo|t117_mc_extensiones1_detalle|f117_id|3|PK_t117
dbo|t118_mc_extensiones2|f118_id_cia|1|PK_t118
dbo|t118_mc_extensiones2|f118_id|2|PK_t118
dbo|t119_mc_extensiones2_detalle|f119_id_cia|1|PK_t119
dbo|t119_mc_extensiones2_detalle|f119_id_extension2|2|PK_t119
dbo|t119_mc_extensiones2_detalle|f119_id|3|PK_t119
dbo|t120_mc_items|f120_rowid|1|PK_t120
dbo|t121_mc_items_extensiones|f121_rowid|1|PK_t121
dbo|t1211_mc_items_bloqueo|f1211_rowid|1|PK_t1211
dbo|t122_mc_items_unidades|f122_rowid_item|1|PK_t122
dbo|t122_mc_items_unidades|f122_id_unidad|2|PK_t122
dbo|t122_mc_items_unidades|f122_id_cia|3|PK_t122
dbo|t123_mc_items_desc_tecnicas|f123_id_cia|1|PK_t123
dbo|t123_mc_items_desc_tecnicas|f123_rowid_item|2|PK_t123
dbo|t123_mc_items_desc_tecnicas|f123_rowid_campo|3|PK_t123
dbo|t124_mc_items_referencias|f124_id_cia|1|PK_t124
dbo|t124_mc_items_referencias|f124_referencia|2|PK_t124
dbo|t125_mc_items_criterios|f125_id_cia|1|PK_t125
dbo|t125_mc_items_criterios|f125_rowid_item|2|PK_t125
dbo|t125_mc_items_criterios|f125_id_plan|3|PK_t125
dbo|t125_mc_items_criterios|f125_id_criterio_mayor|4|PK_t125
dbo|t126_mc_items_precios|f126_rowid|1|PK_t126
dbo|t1261_items_precio_integracion|f1261_rowid|1|PK_t1261
dbo|t127_mc_items_precios_imp|f127_id_cia|1|PK_t127
dbo|t127_mc_items_precios_imp|f127_rowid_item_precio|2|PK_t127
dbo|t127_mc_items_precios_imp|f127_id_llave_impuesto|3|PK_t127
dbo|t128_mc_items_equivalentes|f128_rowid_item|1|PK_t128
dbo|t128_mc_items_equivalentes|f128_rowid_item_equivalente|2|PK_t128
dbo|t129_mc_items_sustitutos|f129_rowid_item_ext|1|PK_t129
dbo|t129_mc_items_sustitutos|f129_rowid_item_ext_sustituto|2|PK_t129
dbo|t130_mc_items_destare|f130_rowid_item_ext|1|PK_t130
dbo|t130_mc_items_destare|f130_rowid_item_ext_destare|2|PK_t130
dbo|t131_mc_items_barras|f131_id_cia|1|PK_t131
dbo|t131_mc_items_barras|f131_id|2|PK_t131
dbo|t1311_mc_items_barras_imp|f1311_id_cia|1|PK_t1311
dbo|t1311_mc_items_barras_imp|f1311_id_codigo_barras|2|PK_t1311
dbo|t1311_mc_items_barras_imp|f1311_rowid_usuario|3|PK_t1311
dbo|t1312_mc_items_barras_co|f1312_id_cia|1|PK_t1312
dbo|t1312_mc_items_barras_co|f1312_id_codigo_barras|2|PK_t1312
dbo|t1312_mc_items_barras_co|f1312_id_co|3|PK_t1312
dbo|t132_mc_items_instalacion|f132_rowid|1|PK_t132
dbo|t133_mc_items_pos_arancelaria|f133_rowid_item|1|PK_t133
dbo|t133_mc_items_pos_arancelaria|f133_id_cia|2|PK_t133
dbo|t133_mc_items_pos_arancelaria|f133_id_pos_arancelaria|3|PK_t133
dbo|t134_mc_items_kits|f134_id_cia|1|PK_t134
dbo|t134_mc_items_kits|f134_rowid_item_ext_kit|2|PK_t134
dbo|t134_mc_items_kits|f134_rowid_item_ext_hijo|3|PK_t134
dbo|t1341_mc_items_kits_bod|f1341_rowid_item_ext_kit|1|PK_t1341
dbo|t1341_mc_items_kits_bod|f1341_rowid_item_ext_hijo|2|PK_t1341
dbo|t1341_mc_items_kits_bod|f1341_id_co|3|PK_t1341
dbo|t1342_mc_items_coproductos|f1342_rowid_item_ext_padre|1|PK_t1342_mc_items_coproductos
dbo|t1342_mc_items_coproductos|f1342_rowid_item_ext_copro|2|PK_t1342_mc_items_coproductos
dbo|t1342_mc_items_coproductos|f1342_codigo_lista|3|PK_t1342_mc_items_coproductos
dbo|t1343_mc_items_transfor|f1343_rowid|1|PK_t1343_mc_items_transfor
dbo|t135_mc_items_instalacion_key|f135_id_cia|1|PK_t135
dbo|t135_mc_items_instalacion_key|f135_rowid_item_ext|2|PK_t135
dbo|t135_mc_items_instalacion_key|f135_id_instalacion|3|PK_t135
dbo|t136_mc_portafolio|f136_id_cia|1|PK_t136
dbo|t136_mc_portafolio|f136_id|2|PK_t136
dbo|t137_mc_portafolio_items|f137_rowid|1|PK_t137
dbo|t1371_mc_portafolio_items_log|f1371_rowid|1|PK_t1371
dbo|t138_mc_tipo_cliente_pricat|f138_id_cia|1|PK_t138
dbo|t138_mc_tipo_cliente_pricat|f138_id|2|PK_t138
dbo|t139_items_desc_tec_pricat|f139_rowid|1|PK_t139
dbo|t140_mc_paquetes|f140_rowid|1|PK_t140
dbo|t141_mc_paquetes_detalle|f141_rowid_paquete|1|PK_t141
dbo|t141_mc_paquetes_detalle|f141_rowid_item_ext|2|PK_t141
dbo|t142_mc_grupos_motivos|f142_id_cia|1|PK_t142
dbo|t142_mc_grupos_motivos|f142_id|2|PK_t142
dbo|t143_mc_grupos_motivo_detalle|f143_id_cia|1|PK_t143
dbo|t143_mc_grupos_motivo_detalle|f143_id_grupo_motivo|2|PK_t143
dbo|t143_mc_grupos_motivo_detalle|f143_id_concepto|3|PK_t143
dbo|t143_mc_grupos_motivo_detalle|f143_id_motivo|4|PK_t143
dbo|t144_mc_motivo_impto_asumido|f144_id_cia|1|PK_t144
dbo|t144_mc_motivo_impto_asumido|f144_id_concepto|2|PK_t144
dbo|t144_mc_motivo_impto_asumido|f144_id_motivo|3|PK_t144
dbo|t144_mc_motivo_impto_asumido|f144_id_clase_impuesto|4|PK_t144
dbo|t145_mc_conceptos|f145_id|1|PK_t145
dbo|t146_mc_motivos|f146_id_cia|1|PK_t146
dbo|t146_mc_motivos|f146_id_concepto|2|PK_t146
dbo|t146_mc_motivos|f146_id|3|PK_t146
dbo|t1461_mc_motivos_otros|f1461_id_cia|1|PK_t1461
dbo|t1461_mc_motivos_otros|f1461_id|2|PK_t1461
dbo|t147_mc_tipo_relacion_doctos|f147_id_modulo|1|PK_t147
dbo|t147_mc_tipo_relacion_doctos|f147_id|2|PK_t147
dbo|t148_mc_automatizacion_doctos|f148_id_cia|1|PK_t148
dbo|t148_mc_automatizacion_doctos|f148_id_modulo|2|PK_t148
dbo|t148_mc_automatizacion_doctos|f148_id_tipo_relacion|3|PK_t148
dbo|t148_mc_automatizacion_doctos|f148_id_tipo_docto_orig|4|PK_t148
dbo|t1481_cm_automatizacion_aprop|f1481_rowid|1|PK_t1481
dbo|t149_mc_tipo_inv_serv|f149_id_cia|1|PK_t149
dbo|t149_mc_tipo_inv_serv|f149_id|2|PK_t149
dbo|t150_mc_bodegas|f150_rowid|1|PK_t150
dbo|t151_mc_grupo_bodega|f151_id_cia|1|PK_t151
dbo|t151_mc_grupo_bodega|f151_id|2|PK_t151
dbo|t152_mc_bodega_grupo_bodega|f152_id_cia|1|PK_t152
dbo|t152_mc_bodega_grupo_bodega|f152_rowid_bodega|2|PK_t152
dbo|t152_mc_bodega_grupo_bodega|f152_id_grupo_bodega|3|PK_t152
dbo|t153_mc_ubic_criterios_planes|f153_id_cia|1|PK_t153
dbo|t153_mc_ubic_criterios_planes|f153_id|2|PK_t153
dbo|t154_mc_ubic_criterios_mayor|f154_id_cia|1|PK_t154
dbo|t154_mc_ubic_criterios_mayor|f154_id_plan|2|PK_t154
dbo|t154_mc_ubic_criterios_mayor|f154_id|3|PK_t154
dbo|t155_mc_ubicacion_auxiliares|f155_rowid_bodega|1|PK_t155
dbo|t155_mc_ubicacion_auxiliares|f155_id|2|PK_t155
dbo|t156_mc_ubicacion_criterios|f156_id_cia|1|PK_t156
dbo|t156_mc_ubicacion_criterios|f156_id_ubicacion|2|PK_t156
dbo|t156_mc_ubicacion_criterios|f156_rowid_bodega|3|PK_t156
dbo|t156_mc_ubicacion_criterios|f156_id_plan|4|PK_t156
dbo|t156_mc_ubicacion_criterios|f156_id_criterio_mayor|5|PK_t156
dbo|t157_mc_instalaciones|f157_id_cia|1|PK_t157
dbo|t157_mc_instalaciones|f157_id|2|PK_t157
dbo|t1571_mc_grupo_instalacion|f1571_id_cia|1|PK_t1571
dbo|t1571_mc_grupo_instalacion|f1571_id|2|PK_t1571
dbo|t1572_mc_grupo_inst_detalle|f1572_id_grupo_instalacion|1|PK_t1572
dbo|t1572_mc_grupo_inst_detalle|f1572_id_instalacion|2|PK_t1572
dbo|t158_mc_causal_devol|f158_id_cia|1|PK_t158
dbo|t158_mc_causal_devol|f158_id_concepto|2|PK_t158
dbo|t158_mc_causal_devol|f158_id|3|PK_t158
dbo|t1581_mc_grp_motivos_causal|f1581_rowid|1|PK_t1581
dbo|t1582_mc_grp_motivo_det_causal|f1582_rowid|1|PK_t1582
dbo|t159_mc_descuentos|f159_id_cia|1|PK_t159
dbo|t159_mc_descuentos|f159_id|2|PK_t159
dbo|t160_mc_cli_contado|f160_rowid|1|PK_t160
dbo|t1602_mc_cli_contado_disp_nov|f1602_ts|1|PK_t1602
dbo|t1602_mc_cli_contado_disp_nov|f1602_rowid_cte_ocasional|2|PK_t1602
dbo|t161_mc_cli_contado_desc_tec|f161_rowid_cli_contado|1|PK_t161
dbo|t161_mc_cli_contado_desc_tec|f161_rowid_campo|2|PK_t161
dbo|t162_mc_cli_contado_criterios|f162_id_cia|1|PK_t162
dbo|t162_mc_cli_contado_criterios|f162_id_plan_criterios|2|PK_t162
dbo|t162_mc_cli_contado_criterios|f162_id_criterio_mayor|3|PK_t162
dbo|t162_mc_cli_contado_criterios|f162_rowid_cli_contado|4|PK_t162
dbo|t163_mc_vehiculos|f163_id_cia|1|PK_t163
dbo|t163_mc_vehiculos|f163_id|2|PK_t163
dbo|t164_mc_tipo_vehiculo|f164_id_cia|1|PK_t164
dbo|t164_mc_tipo_vehiculo|f164_id|2|PK_t164
dbo|t165_mc_ruta_visita|f165_rowid|1|PK_t165_mc_ruta_visita
dbo|t166_mc_ruta_visita_cliente|f166_rowid|1|PK_t166
dbo|t167_mc_ruta_visita_plan|f167_rowid|1|PK_t167
dbo|t168_mc_tarifas_ciudad|f168_rowid|1|PK_t168
dbo|t169_mc_tarifas_servicio|f169_rowid|1|PK_t169
dbo|t170_mc_lista_fletes|f170_rowid|1|PK_t170
dbo|t171_mc_lista_fletes_tarifa|f171_rowid|1|PK_t171
dbo|t172_mc_cfg_serial|f172_id_cia|1|PK_t172
dbo|t172_mc_cfg_serial|f172_id|2|PK_t172
dbo|t173_mc_cfg_serial_nivel|f173_id_cia|1|PK_t173
dbo|t173_mc_cfg_serial_nivel|f173_id_cfg_serial|2|PK_t173
dbo|t173_mc_cfg_serial_nivel|f173_nivel|3|PK_t173
dbo|t174_mc_precios_trazabilidad|f174_rowid|1|PK_t174
dbo|t175_mc_items_protocolo|f175_rowid|1|PK_t175
dbo|t176_mc_items_controlados|f176_rowid|1|PK_t176
dbo|t1761_mc_productos_exentos|f1761_rowid|1|PK_t1761
dbo|t177_mm_items_restricc|f177_rowid|1|PK_t177
dbo|t1771_mm_items_restricc_cond|f1771_rowid|1|PK_t1771
dbo|t1772_mm_items_restricc_co|f1772_rowid|1|PK_t1772
dbo|t1773_mm_items_restricc_mod|f1773_rowid|1|PK_t1773
dbo|t178_mc_items_agl_hi|f178_rowid_item_ext|1|PK_t178
dbo|t179_mc_factores_agl_hi|f179_id_cia|1|PK_t179
dbo|t179_mc_factores_agl_hi|f179_ind_tipo|2|PK_t179
dbo|t179_mc_factores_agl_hi|f179_porcentaje|3|PK_t179
dbo|t180_parametros_edi|f180_id_cia|1|PK_t180
dbo|t180_parametros_edi|f180_id|2|PK_t180
dbo|t181_mc_parametros_aprobacion|f181_id_cia|1|PK_t181
dbo|t181_mc_parametros_aprobacion|f181_rowid_usuario|2|PK_t181
dbo|t182_parametros_impo_edi|f182_id_cia|1|PK_t182
dbo|t182_parametros_impo_edi|f182_id|2|PK_t182
dbo|t1831_mc_tabla_comisiones|f1831_id_cia|1|PK_t1831
dbo|t1831_mc_tabla_comisiones|f1831_id|2|PK_t1831
dbo|t1832_mc_tabla_comisiones_det|f1832_id_cia|1|PK_t1832
dbo|t1832_mc_tabla_comisiones_det|f1832_id_comision|2|PK_t1832
dbo|t1832_mc_tabla_comisiones_det|f1832_id_vendedor|3|PK_t1832
dbo|t1833_mc_liq_comisiones|f1833_rowid|1|PK_t1833
dbo|t1834_mc_liq_comisiones_det|f1834_rowid|1|PK_t1834
dbo|t1835_mc_liq_comisiones_param|f1835_rowid|1|PK_t1835
dbo|t184_maestros_equivalentes|f184_id_cia|1|PK_t184
dbo|t184_maestros_equivalentes|f184_ind_tipo_maestro|2|PK_t184
dbo|t184_maestros_equivalentes|f184_id_origen|3|PK_t184
dbo|t184_maestros_equivalentes|f184_id_destino|4|PK_t184
dbo|t1841_parametros_conexion_rem|f1841_rowid|1|PK_t1841
dbo|t1842_param_conexion_rem_det|f1842_rowid|1|PK_t1842
dbo|t1851_mc_regimen_salud|f1851_rowid|1|PK_t1851
dbo|t1852_mc_tipo_venta|f1852_rowid|1|PK_t1852
dbo|t1853_mc_perfil_cliente|f1853_rowid|1|PK_t1853
dbo|t1854_mc_perfil_cli_co|f1854_rowid|1|PK_t1854
dbo|t1855_mc_param_estacion|f1855_rowid|1|PK_t1855
dbo|t1856_mc_param_estacion_tipo|f1856_rowid|1|PK_t1856
dbo|t1857_mc_regimen_salud_categ|f1857_rowid|1|PK_t1857
dbo|t186_mc_portafolio_proveedor|f186_rowid|1|PK_t186
dbo|t1861_mc_portafolio_prov_item|f1861_rowid|1|PK_t1861
dbo|t1862_mc_portafolio_prov_regio|f1862_rowid|1|PK_t1862
dbo|t187_cm_capacidad_max_x_bodega|f187_rowid|1|PK_t187
dbo|t1870_mc_items_controlados_det|f1870_rowid|1|PK_t1870
dbo|t1871_mc_devueltas_exactas|f1871_rowid|1|PK_t1871
dbo|t1872_mc_control_medidas|f1872_rowid|1|PK_t1872
dbo|t18721_mc_control_medidas_item|f18721_rowid|1|PK_t18721
dbo|t18722_mc_control_medidas_porc|f18722_rowid|1|PK_t18722
dbo|t188_mc_servicios_precios|f188_id_cia|1|PK_t188
dbo|t188_mc_servicios_precios|f188_id_servicio|2|PK_t188
dbo|t188_mc_servicios_precios|f188_id_moneda|3|PK_t188
dbo|t189_mc_servicios|f189_id_cia|1|PK_t189
dbo|t189_mc_servicios|f189_id|2|PK_t189
dbo|t190_mc_equiv_contab_impuesto|f190_rowid|1|PK_t190
dbo|t191_mc_equiv_contab_retencion|f191_id_cia|1|PK_t191
dbo|t191_mc_equiv_contab_retencion|f191_id_llave_retencion|2|PK_t191
dbo|t191_mc_equiv_contab_retencion|f191_id_concepto|3|PK_t191
dbo|t191_mc_equiv_contab_retencion|f191_ind_accion|4|PK_t191
dbo|t192_mc_equiv_contab_invent|f192_rowid|1|PK_t192
dbo|t193_mc_equiv_contab_varios|f193_rowid|1|PK_t193
dbo|t194_af_equiv_contab_af|f194_id_cia|1|PK_t194
dbo|t194_af_equiv_contab_af|f194_id_tipo_inv_serv|2|PK_t194
dbo|t195_af_equiv_contab_af_varios|f195_id_cia|1|PK_t195
dbo|t195_af_equiv_contab_af_varios|f195_id_tipo_inv_serv|2|PK_t195
dbo|t195_af_equiv_contab_af_varios|f195_id_concepto|3|PK_t195
dbo|t195_af_equiv_contab_af_varios|f195_id_motivo|4|PK_t195
dbo|t195_af_equiv_contab_af_varios|f195_id_grupo_ccosto|5|PK_t195
dbo|t196_mc_equiv_contab_vario_dif|f196_rowid|1|PK_t196
dbo|t197_mf_equiv_transformacion|f197_rowid|1|PK_t197
dbo|t198_mc_pick_clases|f198_rowid|1|PK_t198
dbo|t1981_mc_pick_asig_instruc|f1981_rowid|1|PK_t1981
dbo|t1982_mc_pick_asignacion|f1982_rowid|1|PK_t1982
dbo|t199_mc_pick_instruc|f199_rowid|1|PK_t199
dbo|t1991_mc_pick_instruc_tarea|f1991_rowid|1|PK_t1991
dbo|t200_mm_terceros|f200_rowid|1|PK_t200
dbo|t2001_mm_terceros_excluir|f2001_id|1|PK_t2001
dbo|t2002_mm_listas|f2002_id|1|PK_t2002
dbo|t2003_mm_listas_fec|f2003_id_lista|1|PK_t2003
dbo|t2003_mm_listas_fec|f2003_fecha|2|PK_t2003
dbo|t2004_mm_listas_fec_ter|f2004_id_lista|1|PK_t2004
dbo|t2004_mm_listas_fec_ter|f2004_fecha|2|PK_t2004
dbo|t2004_mm_listas_fec_ter|f2004_tipo_identificacion|3|PK_t2004
dbo|t2004_mm_listas_fec_ter|f2004_numero_identificacion|4|PK_t2004
dbo|t2005_mm_terceros_log_unif|f2005_rowid|1|PK_t2005
dbo|t2006_mm_tercero_plantilla|f2006_rowid|1|PK_t2006
dbo|t2007_mm_tercero_plant_prov|f2007_rowid|1|PK_t2007
dbo|t2008_mm_otros_contactos_ter|f2008_rowid|1|PK_t2008
dbo|t201_mm_clientes|f201_rowid_tercero|1|PK_t201
dbo|t201_mm_clientes|f201_id_sucursal|2|PK_t201
dbo|t2011_mm_clientes_letras|f2011_rowid_tercero|1|PK_t2011
dbo|t2011_mm_clientes_letras|f2011_id_suc_cliente|2|PK_t2011
dbo|t2012_mm_clientes_un|f2012_rowid|1|PK_t2012
dbo|t2013_mm_otros_contactos_cli|f2013_rowid|1|PK_t2013
dbo|t202_mm_proveedores|f202_rowid_tercero|1|PK_t202
dbo|t202_mm_proveedores|f202_id_sucursal|2|PK_t202
dbo|t2021_mm_proveedores_co|f2021_rowid_prov|1|PK_t2021
dbo|t2021_mm_proveedores_co|f2021_id_sucursal_prov|2|PK_t2021
dbo|t2021_mm_proveedores_co|f2021_id_co|3|PK_t2021
dbo|t2022_mm_otros_contactos_pro|f2022_rowid|1|PK_t2022
dbo|t2023_mm_proveedores_calif|f2023_rowid_tercero_prov|1|PK_t2023
dbo|t2023_mm_proveedores_calif|f2023_id_sucursal_prov|2|PK_t2023
dbo|t2023_mm_proveedores_calif|f2023_id_co|3|PK_t2023
dbo|t203_mm_tipo_ident|f203_id_cia|1|PK_t203
dbo|t203_mm_tipo_ident|f203_id|2|PK_t203
dbo|t204_mm_planes_criterios|f204_id_cia|1|PK_t204
dbo|t204_mm_planes_criterios|f204_id|2|PK_t204
dbo|t205_mm_criterios_estructura|f205_id_cia|1|PK_t205
dbo|t205_mm_criterios_estructura|f205_id_plan|2|PK_t205
dbo|t205_mm_criterios_estructura|f205_nivel|3|PK_t205
dbo|t206_mm_criterios_mayores|f206_id_cia|1|PK_t206
dbo|t206_mm_criterios_mayores|f206_id_plan|2|PK_t206
dbo|t206_mm_criterios_mayores|f206_id|3|PK_t206
dbo|t207_mm_criterios_clientes|f207_id_cia|1|PK_t207
dbo|t207_mm_criterios_clientes|f207_id_plan_criterios|2|PK_t207
dbo|t207_mm_criterios_clientes|f207_id_criterio_mayor|3|PK_t207
dbo|t207_mm_criterios_clientes|f207_rowid_tercero|4|PK_t207
dbo|t207_mm_criterios_clientes|f207_id_sucursal|5|PK_t207
dbo|t208_mm_condiciones_pago|f208_id_cia|1|PK_t208
dbo|t208_mm_condiciones_pago|f208_id|2|PK_t208
dbo|t209_mm_clase_proveedor|f209_id_cia|1|PK_t209
dbo|t209_mm_clase_proveedor|f209_id|2|PK_t209
dbo|t210_mm_vendedores|f210_id_cia|1|PK_t210
dbo|t210_mm_vendedores|f210_id|2|PK_t210
dbo|t2101_mm_vend_restricciones|f2101_rowid|1|PK_t2101
dbo|t2102_mm_clases_vendedor|f2102_id_cia|1|PK_t2102
dbo|t2102_mm_clases_vendedor|f2102_id|2|PK_t2102
dbo|t211_mm_funcionarios|f211_id_cia|1|PK_t211
dbo|t211_mm_funcionarios|f211_id|2|PK_t211
dbo|t2111_mm_funcionarios_seg|f2111_rowid|1|PK_t2111
dbo|t2112_mm_funcionarios_apro|f2112_rowid|1|PK_t2112
dbo|t2113_mm_areas_trabajo|f2113_rowid|1|PK_t2113
dbo|t2114_mm_funcionarios_msj|f2114_rowid|1|PK_t2114
dbo|t2115_mm_func_perf_app|f2115_rowid|1|PK_t2115
dbo|t212_mm_cotizaciones|f212_rowid|1|PK_t212
dbo|t213_mm_cotizacion_imptos|f213_id_cia|1|PK_t213
dbo|t213_mm_cotizacion_imptos|f213_rowid_cotizacion|2|PK_t213
dbo|t213_mm_cotizacion_imptos|f213_id_llave_imp|3|PK_t213
dbo|t214_mm_cotizacion_dscto|f214_id_cia|1|PK_t214
dbo|t214_mm_cotizacion_dscto|f214_rowid_cotizacion|2|PK_t214
dbo|t214_mm_cotizacion_dscto|f214_orden|3|PK_t214
dbo|t214_mm_cotizacion_dscto|f214_cantidad_hasta|4|PK_t214
dbo|t215_mm_puntos_envio_cliente|f215_rowid|1|PK_t215
dbo|t216_mc_vendedor_mensajes|f216_rowid|1|PK_t216
dbo|t217_mc_clientes_mensajes|f217_id_cia|1|PK_t217
dbo|t217_mc_clientes_mensajes|f217_rowid_tercero|2|PK_t217
dbo|t217_mc_clientes_mensajes|f217_id_sucursal_cli|3|PK_t217
dbo|t217_mc_clientes_mensajes|f217_fecha|4|PK_t217
dbo|t218_mc_vendedores_unomovil|f218_id_cia|1|PK_t218
dbo|t218_mc_vendedores_unomovil|f218_id_vendedor|2|PK_t218
dbo|t2181_sm_vend_siesamobile|f2181_id_cia|1|PK_t2181
dbo|t2181_sm_vend_siesamobile|f2181_id_vendedor|2|PK_t2181
dbo|t2182_sm_vend_fechas_entrega|f2182_rowid|1|PK_t2182
dbo|t219_mm_planes_criterios_prov|f219_id_cia|1|PK_t219
dbo|t219_mm_planes_criterios_prov|f219_id|2|PK_t219
dbo|t220_mm_criterios_mayores_prov|f220_id_cia|1|PK_t220
dbo|t220_mm_criterios_mayores_prov|f220_id_plan|2|PK_t220
dbo|t220_mm_criterios_mayores_prov|f220_id|3|PK_t220
dbo|t221_mm_criterios_proveedores|f221_id_cia|1|PK_t221
dbo|t221_mm_criterios_proveedores|f221_id_plan_criterios|2|PK_t221
dbo|t221_mm_criterios_proveedores|f221_id_criterio_mayor|3|PK_t221
dbo|t221_mm_criterios_proveedores|f221_rowid_tercero|4|PK_t221
dbo|t221_mm_criterios_proveedores|f221_id_sucursal|5|PK_t221
dbo|t222_grupo_entidad|f222_id_cia|1|PK_t222
dbo|t222_grupo_entidad|f222_tipo|2|PK_t222
dbo|t222_grupo_entidad|f222_id|3|PK_t222
dbo|t223_detalle_grupo_entidad|f223_rowid|1|PK_t223
dbo|t224_mm_ciiu|f224_id|1|PK_t224
dbo|t225_mm_dscto_pp|f225_rowid|1|PK_t225
dbo|t226_mm_dscto_pp_linea|f226_rowid|1|PK_t226
dbo|t227_mm_condiciones_pago_cuo|f227_id_cia|1|PK_t227
dbo|t227_mm_condiciones_pago_cuo|f227_id_cond_pago|2|PK_t227
dbo|t227_mm_condiciones_pago_cuo|f227_cuota|3|PK_t227
dbo|t228_mm_grupo_condicion_pago|f228_id_cia|1|PK_t228
dbo|t228_mm_grupo_condicion_pago|f228_id|2|PK_t228
dbo|t229_mm_motivos_bloqueo|f229_id_cia|1|PK_t229
dbo|t229_mm_motivos_bloqueo|f229_id|2|PK_t229
dbo|t230_mm_condiciones_pago_finan|f230_id_cia|1|PK_t230
dbo|t230_mm_condiciones_pago_finan|f230_id_cond_pago|2|PK_t230
dbo|t230_mm_condiciones_pago_finan|f230_cuota|3|PK_t230
dbo|t231_mm_notificaciones|f231_rowid|1|PK_t231
dbo|t232_criterios_califica_prov|f232_rowid|1|PK_t232
dbo|t2321_criterios_califi_prov_op|f2321_rowid|1|PK_t2321
dbo|t2322_evaluaciones_prov|f2322_rowid|1|PK_t2322
dbo|t2323_evaluaciones_prov_cri|f2323_rowid|1|PK_t2323
dbo|t2324_evaluaciones_prov_nota|f2324_rowid|1|PK_t2324
dbo|t233_planilla_calificacion|f233_rowid|1|PK_t233
dbo|t2331_planilla_califica_prov|f2331_rowid|1|PK_t2331
dbo|t2332_planilla_califica_criter|f2332_rowid|1|PK_t2332
dbo|t2333_planilla_califica_items|f2333_rowid|1|PK_t2333
dbo|t234_mc_portafolio_comprador|f234_rowid|1|PK_t234
dbo|t2341_mc_portafolio_comp_item|f2341_rowid|1|PK_t2341
dbo|t2342_mc_portafolio_comp_co|f2342_rowid|1|PK_t2342
dbo|t235_co_tarifa_act_ccosto|f235_rowid|1|PK_t235
dbo|t240_co_planes_rubros_ppto|f240_id|1|PK_t240
dbo|t241_co_rubros_ppto_estructura|f241_id_plan|1|PK_t241
dbo|t241_co_rubros_ppto_estructura|f241_nivel|2|PK_t241
dbo|t242_co_rubros_ppto_mayores|f242_id_plan|1|PK_t242
dbo|t242_co_rubros_ppto_mayores|f242_id|2|PK_t242
dbo|t243_co_rubros_ppto|f243_rowid|1|PK_t243
dbo|t244_co_mayores_rubros_ppto|f244_id_cia|1|PK_t244
dbo|t244_co_mayores_rubros_ppto|f244_id_plan_rubro|2|PK_t244
dbo|t244_co_mayores_rubros_ppto|f244_rowid_rubro|3|PK_t244
dbo|t244_co_mayores_rubros_ppto|f244_id_mayor_rubro|4|PK_t244
dbo|t250_co_planes_cuentas|f250_id|1|PK_t250
dbo|t251_co_cuentas_estructura|f251_id_plan|1|PK_t251
dbo|t251_co_cuentas_estructura|f251_nivel|2|PK_t251
dbo|t252_co_mayores|f252_id_plan|1|PK_t252
dbo|t252_co_mayores|f252_id|2|PK_t252
dbo|t253_co_auxiliares|f253_rowid|1|PK_t253
dbo|t254_co_mayores_auxiliares|f254_id_cia|1|PK_t254
dbo|t254_co_mayores_auxiliares|f254_id_plan|2|PK_t254
dbo|t254_co_mayores_auxiliares|f254_rowid_auxiliar|3|PK_t254
dbo|t254_co_mayores_auxiliares|f254_id_mayor|4|PK_t254
dbo|t260_af_criterio_activo_plan|f260_id_cia|1|PK_t260
dbo|t260_af_criterio_activo_plan|f260_id|2|PK_t260
dbo|t261_af_criterio_activo_mayor|f261_id_cia|1|PK_t261
dbo|t261_af_criterio_activo_mayor|f261_id_plan|2|PK_t261
dbo|t261_af_criterio_activo_mayor|f261_id|3|PK_t261
dbo|t262_af_activos_fijos|f262_rowid|1|PK_t262
dbo|t263_af_activos_fijos_adicion|f263_rowid_af|1|PK_t263
dbo|t263_af_activos_fijos_adicion|f263_id|2|PK_t263
dbo|t2631_af_activos_fijos_niif|f2631_rowid_af|1|PK_t2631
dbo|t2631_af_activos_fijos_niif|f2631_id|2|PK_t2631
dbo|t2632_af_activos_log_salva|f2632_rowid|1|PK_t2632
dbo|t264_af_activo_criterios|f264_id_cia|1|PK_t264
dbo|t264_af_activo_criterios|f264_rowid_af|2|PK_t264
dbo|t264_af_activo_criterios|f264_id_plan|3|PK_t264
dbo|t264_af_activo_criterios|f264_id_criterio_mayor|4|PK_t264
dbo|t265_af_activo_unidades|f265_rowid_af|1|PK_t265
dbo|t265_af_activo_unidades|f265_id_adicion|2|PK_t265
dbo|t265_af_activo_unidades|f265_id_periodo|3|PK_t265
dbo|t266_af_control_fisico|f266_rowid|1|PK_t266
dbo|t2661_af_control_fisico_af|f2661_rowid|1|PK_t2661
dbo|t267_co_base_costo_variable|f267_rowid|1|PK_t267
dbo|t268_co_ppto_obra|f268_rowid|1|PK_t268
dbo|t269_co_actividades|f269_rowid|1|PK_t269
dbo|t270_co_base_costo_emisor|f270_rowid|1|PK_t270
dbo|t271_co_base_costo_receptor|f271_rowid_emisor|1|PK_t271
dbo|t271_co_base_costo_receptor|f271_rowid_ccosto_receptor|2|PK_t271
dbo|t271_co_base_costo_receptor|f271_id_co_receptor|3|PK_t271
dbo|t271_co_base_costo_receptor|f271_id_un_receptor|4|PK_t271
dbo|t272_co_fe_estructura|f272_id_cia|1|PK_t272
dbo|t272_co_fe_estructura|f272_nivel|2|PK_t272
dbo|t273_co_fe_mayores|f273_id_cia|1|PK_t273
dbo|t273_co_fe_mayores|f273_id|2|PK_t273
dbo|t274_co_fe_conceptos|f274_rowid|1|PK_t274
dbo|t275_co_fe_plan_presupuestal|f275_id_cia|1|PK_t275
dbo|t275_co_fe_plan_presupuestal|f275_id|2|PK_t275
dbo|t276_co_fe_presupuesto|f276_rowid|1|PK_t276
dbo|t277_co_tipo_prov|f277_id_cia|1|PK_t277
dbo|t277_co_tipo_prov|f277_id|2|PK_t277
dbo|t278_co_tipo_cli|f278_id_cia|1|PK_t278
dbo|t278_co_tipo_cli|f278_id|2|PK_t278
dbo|t279_co_grupos_ccostos|f279_id_cia|1|PK_t279
dbo|t279_co_grupos_ccostos|f279_id|2|PK_t279
dbo|t280_co_regionales|f280_id_cia|1|PK_t280
dbo|t280_co_regionales|f280_id|2|PK_t280
dbo|t281_co_unidades_negocio|f281_id_cia|1|PK_t281
dbo|t281_co_unidades_negocio|f281_id|2|PK_t281
dbo|t282_co_ccosto_estructura|f282_id_cia|1|PK_t282
dbo|t282_co_ccosto_estructura|f282_nivel|2|PK_t282
dbo|t283_co_ccosto_mayores|f283_id_cia|1|PK_t283
dbo|t283_co_ccosto_mayores|f283_id|2|PK_t283
dbo|t284_co_ccosto|f284_rowid|1|PK_t284
dbo|t285_co_centro_op|f285_id_cia|1|PK_t285
dbo|t285_co_centro_op|f285_id|2|PK_t285
dbo|t286_co_planes_rubros_ccosto|f286_id_cia|1|PK_t286
dbo|t286_co_planes_rubros_ccosto|f286_id|2|PK_t286
dbo|t287_co_estruc_rubros_ccosto|f287_id_cia|1|PK_t287
dbo|t287_co_estruc_rubros_ccosto|f287_id_plan|2|PK_t287
dbo|t287_co_estruc_rubros_ccosto|f287_nivel|3|PK_t287
dbo|t288_co_mayores_rubros_ccosto|f288_id_cia|1|PK_t288
dbo|t288_co_mayores_rubros_ccosto|f288_id_plan|2|PK_t288
dbo|t288_co_mayores_rubros_ccosto|f288_id|3|PK_t288
dbo|t289_co_aux_rubros_ccosto|f289_rowid|1|PK_t289
dbo|t290_co_mayor_aux_rubro_ccosto|f290_id_cia|1|PK_t290
dbo|t290_co_mayor_aux_rubro_ccosto|f290_id_plan|2|PK_t290
dbo|t290_co_mayor_aux_rubro_ccosto|f290_id_mayor_rubro_ccosto|3|PK_t290
dbo|t290_co_mayor_aux_rubro_ccosto|f290_rowid_aux_rubro_ccosto|4|PK_t290
dbo|t291_co_cajas|f291_id_cia|1|PK_t291
dbo|t291_co_cajas|f291_id_co|2|PK_t291
dbo|t291_co_cajas|f291_id|3|PK_t291
dbo|t292_co_cajas_monedas|f292_id_cia|1|PK_t292
dbo|t292_co_cajas_monedas|f292_id_co|2|PK_t292
dbo|t292_co_cajas_monedas|f292_id_caja|3|PK_t292
dbo|t292_co_cajas_monedas|f292_id_moneda|4|PK_t292
dbo|t293_co_plan_presupuestal|f293_id_cia|1|PK_t293
dbo|t293_co_plan_presupuestal|f293_id|2|PK_t293
dbo|t294_co_presupuesto|f294_rowid|1|PK_t294
dbo|t295_co_presupuesto_detalle|f295_rowid|1|PK_t295
dbo|t296_co_saldos_bancos|f296_id_cia|1|PK_t296
dbo|t296_co_saldos_bancos|f296_fecha|2|PK_t296
dbo|t296_co_saldos_bancos|f296_id_cuenta_bancaria|3|PK_t296
dbo|t297_co_dist_cuenta|f297_rowid|1|PK_t297
dbo|t298_co_dist_cuenta_detalle|f298_rowid|1|PK_t298
dbo|t300_rc_auxiliar|f300_rowid|1|PK_t300
dbo|t3001_rc_auxiliar_rx|f3001_id_cia|1|PK_t3001
dbo|t3001_rc_auxiliar_rx|f3001_rowid_auxiliar|2|PK_t3001
dbo|t3001_rc_auxiliar_rx|f3001_id_co|3|PK_t3001
dbo|t3001_rc_auxiliar_rx|f3001_id_un|4|PK_t3001
dbo|t3001_rc_auxiliar_rx|f3001_periodo|5|PK_t3001
dbo|t301_rc_aux_tercero_ccosto|f301_rowid|1|PK_t301
dbo|t3011_rc_aux_tercero_ccosto_rx|f3011_rowid|1|PK_t3011
dbo|t305_co_cfd|f305_rowid|1|PK_t305
dbo|t3051_cfd_acuse_recibo|f3051_rowid|1|PK_t3051
dbo|t3052_cfd_contingencia|f3052_rowid|1|PK_t3052
dbo|t3053_cfd_contingencia_docto|f3053_rowid|1|PK_t3053
dbo|t3054_fe_doctos|f3054_guid|1|PK_t3054
dbo|t3055_cfd_log_doctos_trans|f3055_rowid|1|PK_t3055
dbo|t3056_estado_docto_fiscal|f3056_rowid|1|PK_t3056
dbo|t306_co_part_conciliadas|f306_rowid|1|PK_t306
dbo|t307_co_part_conciliadas_det|f307_rowid|1|PK_t307
dbo|t310_co_docto_orden_serv|f310_rowid|1|PK_t310
dbo|t3101_co_movto_reg_fijo|f3101_rowid|1|PK_t3101
dbo|t311_co_docto_factura_serv|f311_rowid_docto|1|PK_t311
dbo|t313_co_docto_mandato|f313_rowid|1|PK_t313
dbo|t314_co_docto_retencion|f314_rowid|1|PK_t314
dbo|t315_co_docto_cont_serv|f315_rowid_docto|1|PK_t315
dbo|t316_co_movto_cuotas_cont|f316_rowid|1|PK_t316
dbo|t318_co_movto_orden_serv|f318_rowid|1|PK_t318
dbo|t319_co_movto_orden_serv_imp|f319_rowid_movto_orden_serv|1|PK_t319
dbo|t319_co_movto_orden_serv_imp|f319_id_llave_impuesto|2|PK_t319
dbo|t320_co_movto_serv|f320_rowid|1|PK_t320
dbo|t321_co_movto_serv_imp|f321_rowid_movto_serv|1|PK_t321
dbo|t321_co_movto_serv_imp|f321_id_llave_impuesto|2|PK_t321
dbo|t322_co_movto_serv_ret_temp|f322_rowid_movto_serv|1|PK_t322
dbo|t322_co_movto_serv_ret_temp|f322_id_llave_retencion|2|PK_t322
dbo|t323_co_movto_cont_serv|f323_rowid|1|PK_t323
dbo|t324_co_movto_cont_serv_imp|f324_rowid_movto_cont_serv|1|PK_t324
dbo|t324_co_movto_cont_serv_imp|f324_id_llave_impuesto|2|PK_t324
dbo|t325_co_movto_serv_dist|f325_rowid|1|PK_t325_1
dbo|t326_co_movto_orden_serv_dist|f326_rowid|1|PK_t326_1
dbo|t327_co_movto_mandato|f327_rowid|1|PK_t327
dbo|t328_co_docto_ppto_obra|f328_rowid|1|PK_t328
dbo|t329_co_movto_ppto_obra|f329_rowid|1|PK_t329
dbo|t330_co_control_ppto_oficial|f330_id_cia|1|PK_t330
dbo|t330_co_control_ppto_oficial|f330_ano|2|PK_t330
dbo|t331_co_ppto_oficial|f331_rowid|1|PK_t331
dbo|t332_co_movto_ppto_oficial|f332_rowid|1|PK_t332
dbo|t333_co_docto_cdp|f333_rowid|1|PK_t333
dbo|t3331_co_tipo_registro_pptal|f3331_rowid|1|PK_t3331
dbo|t3332_co_registro_pptal|f3332_rowid|1|PK_t3332
dbo|t3333_co_registro_pptal_movto|f3333_rowid|1|PK_t3333
dbo|t334_co_control_cdp|f334_id_cia|1|PK_t334
dbo|t334_co_control_cdp|f334_id_ano_ppto|2|PK_t334
dbo|t334_co_control_cdp|f334_numero_cdp|3|PK_t334
dbo|t335_co_saldos_cdp|f335_rowid|1|PK_t335
dbo|t336_co_movto_cdp|f336_rowid|1|PK_t336
dbo|t337_co_docto_log|f337_rowid|1|PK_t337
dbo|t338_co_docto_planilla|f338_rowid|1|PK_t338
dbo|t339_co_docto_planilla_rel|f339_rowid|1|PK_t339
dbo|t340_co_int_mora|f340_id_cia|1|PK_t340
dbo|t341_co_int_mora_detalle|f341_rowid|1|PK_t341
dbo|t342_co_int_factura|f342_rowid|1|PK_t342_1
dbo|t343_co_int_factura_detalle|f343_rowid|1|PK_t343
dbo|t345_co_grupo_docto_fijo|f345_id_cia|1|PK_t345
dbo|t345_co_grupo_docto_fijo|f345_id|2|PK_t345
dbo|t346_co_docto_contable_fijo|f346_id_cia|1|PK_t346
dbo|t346_co_docto_contable_fijo|f346_id|2|PK_t346
dbo|t347_co_mov_docto_fijo|f347_rowid|1|PK_t347
dbo|t348_co_docto_contable_patron|f348_id_cia|1|PK_t348
dbo|t348_co_docto_contable_patron|f348_id|2|PK_t348
dbo|t349_co_mov_docto_patron|f349_rowid|1|PK_t349
dbo|t350_co_docto_contable|f350_rowid|1|PK_t350
dbo|t3501_co_letras_estados|f3501_id_cia|1|PK_t3501
dbo|t3501_co_letras_estados|f3501_id|2|PK_t3501
dbo|t3502_co_letras_ubicaciones|f3502_id_cia|1|PK_t3502
dbo|t3502_co_letras_ubicaciones|f3502_id|2|PK_t3502
dbo|t3503_co_docto_contable_rx|f3503_rowid_docto|1|PK_t3503
dbo|t3504_co_letras_ret|f3504_rowid|1|PK_t3504
dbo|t3505_co_letras|f3505_rowid_docto|1|PK_t3505
dbo|t3506_co_letras_relacion_sa|f3506_rowid_docto|1|PK_t3506
dbo|t3506_co_letras_relacion_sa|f3506_rowid_sa|2|PK_t3506
dbo|t3507_co_letras_planilla|f3507_rowid_docto|1|PK_t3507
dbo|t3508_co_letras_movto|f3508_rowid|1|PK_t3508
dbo|t3509_co_letras_conceptos|f3509_id_cia|1|PK_t3509
dbo|t3509_co_letras_conceptos|f3509_id|2|PK_t3509
dbo|t351_co_mov_docto|f351_rowid|1|PK_t351
dbo|t3511_co_mov_docto_rx|f3511_rowid_mov_docto|1|PK_t3511
dbo|t3512_co_mov_docto_alterno|f3512_rowid_movto|1|PK_t3512
dbo|t3513_co_movto_docto_af_apert|f3513_rowid|1|PK_t3513
dbo|t3514_co_movto_docto_agil|f3514_rowid_movto|1|PK_t3514
dbo|t352_co_docto_cruce|f352_rowid|1|PK_t352
dbo|t3521_co_docto_cruce_ret|f3521_rowid|1|PK_t3521
dbo|t353_co_saldo_abierto|f353_rowid|1|PK_t353
dbo|t3531_co_provision|f3531_rowid_sa|1|PK_t3531
dbo|t3532_co_provision_movto|f3532_rowid|1|PK_t3532
dbo|t3533_co_saldos_imptos|f3533_rowid|1|PK_t3533
dbo|t3534_co_deterioro|f3534_rowid|1|PK_t3534
dbo|t3535_co_deterioro_movto|f3535_rowid|1|PK_t3535
dbo|t3536_co_saldos_imptos_che|f3536_rowid|1|PK_t3536
dbo|t3537_co_mov_sa_percepcion|f3537_rowid_docto_factura|1|PK_t3537
dbo|t3537_co_mov_sa_percepcion|f3537_rowid_sa|2|PK_t3537
dbo|t3537_co_mov_sa_percepcion|f3537_rowid_docto|3|PK_t3537
dbo|t3537_co_mov_sa_percepcion|f3537_rowid_mov_docto|4|PK_t3537
dbo|t354_co_mov_saldo_abierto|f354_rowid|1|PK_t354
dbo|t3541_co_mov_saldo_abierto_pe|f3541_rowid_movto_sa|1|PK_t3541
dbo|t3542_co_mov_saldo_abierto_rep|f3542_rowid|1|PK_t3542
dbo|t355_co_saldo_diferido|f355_rowid|1|PK_t355
dbo|t356_co_mov_saldo_diferido|f356_rowid|1|PK_t356
dbo|t357_co_ingresos_caja|f357_rowid_docto|1|PK_t357
dbo|t3571_co_rc_montos_x_moneda|f3571_rowid_docto|1|PK_t3571
dbo|t3571_co_rc_montos_x_moneda|f3571_id_moneda|2|PK_t3571
dbo|t358_co_relacion_medios_pago|f358_rowid|1|PK_t358
dbo|t3581_co_movto_datafono|f3581_rowid|1|PK_t3581
dbo|t359_co_egresos_caja|f359_rowid_docto|1|PK_t359
dbo|t360_co_programa_pagos|f360_id_cia|1|PK_t360
dbo|t360_co_programa_pagos|f360_id|2|PK_t360
dbo|t3601_co_programa_pagos_log|f3601_rowid|1|PK_t3601
dbo|t3602_co_prog_multi_cia|f3602_id|1|PK_t3602
dbo|t3603_co_prog_multicia_det|f3603_id_prog_multi_cia|1|PK_t3603
dbo|t3603_co_prog_multicia_det|f3603_id_cia|2|PK_t3603
dbo|t3603_co_prog_multicia_det|f3603_id_prog_pago|3|PK_t3603
dbo|t361_co_ordenes_pago|f361_rowid|1|PK_t361
dbo|t362_co_ordenes_pago_sa|f362_rowid|1|PK_t362
dbo|t363_co_comprobantes_egreso|f363_rowid_docto|1|PK_t363
dbo|t364_co_conciliacion|f364_rowid|1|PK_t364
dbo|t3641_co_concilia_tarj|f3641_rowid|1|PK_t3641
dbo|t3642_co_extractos_tarj|f3642_rowid|1|PK_t3642
dbo|t3643_co_pend_concil_tarj|f3643_rowid|1|PK_t3643
dbo|t3644_co_part_concil_tarj|f3644_rowid|1|PK_t3644
dbo|t3645_co_part_concil_det_tarj|f3645_rowid|1|PK_t3645
dbo|t365_co_extractos|f365_rowid|1|PK_t365
dbo|t366_co_pendiente_conciliar|f366_rowid|1|PK_t366
dbo|t367_co_movto_distribucion|f367_rowid|1|PK_t367
dbo|t368_af_movto_activo_fijo|f368_rowid|1|PK_t368
dbo|t3681_af_movto_activo_niif|f3681_rowid_movto_af|1|PK_t3681
dbo|t3682_af_mov_activo_niif_met|f3682_rowid_movto_af|1|PK_t3682
dbo|t3683_co_movto_docto_af|f3683_rowid|1|PK_t3683
dbo|t369_co_movto_docto_invent|f369_rowid|1|PK_t369
dbo|t370_co_movto_docto_fe|f370_rowid|1|PK_t370
dbo|t371_co_extractos_contabilizar|f371_rowid|1|PK_t371
dbo|t3711_co_extractos_equiv_co|f3711_id_cia|1|PK_t3711
dbo|t3711_co_extractos_equiv_co|f3711_referencia|2|PK_t3711
dbo|t372_co_cajas_saldos|f372_id_cia|1|PK_t372
dbo|t372_co_cajas_saldos|f372_rowid_auxiliar|2|PK_t372
dbo|t372_co_cajas_saldos|f372_id_co|3|PK_t372
dbo|t372_co_cajas_saldos|f372_id_un|4|PK_t372
dbo|t372_co_cajas_saldos|f372_id_moneda|5|PK_t372
dbo|t372_co_cajas_saldos|f372_id_caja|6|PK_t372
dbo|t373_gc_grupo_concepto|f373_id_cia|1|PK_t373
dbo|t373_gc_grupo_concepto|f373_id|2|PK_t373
dbo|t374_gc_conceptos|f374_id_cia|1|PK_t374
dbo|t374_gc_conceptos|f374_id|2|PK_t374
dbo|t375_gc_concepto_auxiliar|f375_id_cia|1|PK_t375
dbo|t375_gc_concepto_auxiliar|f375_id_concepto|2|PK_t375
dbo|t375_gc_concepto_auxiliar|f375_rowid_auxiliar|3|PK_t375
dbo|t376_gc_movimiento|f376_rowid|1|PK_t376
dbo|t377_gc_equiv_tercero|f377_rowid_tercero_a_acumular|1|PK_t377
dbo|t378_co_relacion_med_pago_sa|f378_rowid|1|PK_t378
dbo|t379_co_ingresos_ret|f379_rowid|1|PK_t379
dbo|t380_sv_nacionalidad|f380_id|1|PK_t380
dbo|t381_sv_terceros|f381_id_cia|1|PK_t381
dbo|t381_sv_terceros|f381_id|2|PK_t381
dbo|t382_sv_formatos|f382_id|1|PK_t382
dbo|t383_sv_formatos_estructura|f383_id_formato|1|PK_t383
dbo|t383_sv_formatos_estructura|f383_columna|2|PK_t383
dbo|t384_sv_formatos_valores|f384_id_cia|1|PK_t384
dbo|t384_sv_formatos_valores|f384_id_formato|2|PK_t384
dbo|t384_sv_formatos_valores|f384_unidad|3|PK_t384
dbo|t384_sv_formatos_valores|f384_renglon|4|PK_t384
dbo|t384_sv_formatos_valores|f384_columna|5|PK_t384
dbo|t385_co_letras_rel_doctos|f385_id_cia|1|PK_t385
dbo|t385_co_letras_rel_doctos|f385_rowid_docto_letra|2|PK_t385
dbo|t385_co_letras_rel_doctos|f385_rowid_sa_base|3|PK_t385
dbo|t391_sb_maestros|f391_ind_clase|1|PK_t391
dbo|t391_sb_maestros|f391_id|2|PK_t391
dbo|t392_sb_formatos|f392_id|1|PK_t392
dbo|t393_sb_formatos_estructura|f393_id_formato|1|PK_t393
dbo|t393_sb_formatos_estructura|f393_columna|2|PK_t393
dbo|t394_sb_formatos_valores|f394_rowid|1|PK_t394
dbo|t395_sb_fideicomisos|f395_id_cia|1|PK_t395
dbo|t395_sb_fideicomisos|f395_id|2|PK_t395
dbo|t396_sb_terceros|f396_id_cia|1|PK_t396
dbo|t396_sb_terceros|f396_id|2|PK_t396
dbo|t397_sb_tercero_formato|f397_id_cia|1|PK_t397
dbo|t397_sb_tercero_formato|f397_id_tercero|2|PK_t397
dbo|t397_sb_tercero_formato|f397_id_formato|3|PK_t397
dbo|t398_co_docto_periodo|f398_rowid|1|PK_t398
dbo|t399_co_lote_impo_docto|f399_id_cia|1|PK_t399
dbo|t399_co_lote_impo_docto|f399_id|2|PK_t399
dbo|t399_co_lote_impo_docto|f399_rowid_docto|3|PK_t399
dbo|t400_cm_existencia|f400_rowid_item_ext|1|PK_t400
dbo|t400_cm_existencia|f400_rowid_bodega|2|PK_t400
dbo|t401_cm_existencia_lote|f401_rowid|1|PK_t401
dbo|t402_cm_costos|f402_rowid_item_ext|1|PK_t402
dbo|t402_cm_costos|f402_id_instalacion|2|PK_t402
dbo|t402_cm_costos|f402_id_grupo_costo|3|PK_t402
dbo|t402_cm_costos|f402_id_segmento_costo|4|PK_t402
dbo|t402_cm_costos|f402_id_cia|5|PK_t402
dbo|t403_cm_lotes|f403_id_cia|1|PK_t403
dbo|t403_cm_lotes|f403_id|2|PK_t403
dbo|t403_cm_lotes|f403_rowid_item_ext|3|PK_t403
dbo|t404_mc_lotes_desc_tecnicas|f404_rowid_campo|1|PK_t404
dbo|t404_mc_lotes_desc_tecnicas|f404_rowid_item_ext|2|PK_t404
dbo|t404_mc_lotes_desc_tecnicas|f404_id_lote|3|PK_t404
dbo|t405_cm_compromisos|f405_rowid|1|PK_t405
dbo|t4051_cm_compromisos_par_log|f4051_rowid|1|PK_t4051
dbo|t406_cm_movto_transito|f406_rowid|1|PK_t406
dbo|t407_cm_compromisos_serial|f407_rowid_compromiso|1|PK_t407
dbo|t407_cm_compromisos_serial|f407_rowid_serial|2|PK_t407
dbo|t408_cm_saldo_paag|f408_id_cia|1|PK_t408_cm_saldo_paag
dbo|t408_cm_saldo_paag|f408_rowid_item_ext|2|PK_t408_cm_saldo_paag
dbo|t408_cm_saldo_paag|f408_id_periodo|3|PK_t408_cm_saldo_paag
dbo|t408_cm_saldo_paag|f408_id_instalacion|4|PK_t408_cm_saldo_paag
dbo|t409_cm_movto_paag|f409_rowid|1|PK_t409
dbo|t410_cm_control_fisico|f410_rowid|1|PK_t410
dbo|t411_cm_control_fisico_item|f411_rowid|1|PK_t411
dbo|t4111_cm_ctrl_fis_item_serial|f4111_rowid|1|PK_t4111
dbo|t412_cm_control_fisico_movto|f412_rowid|1|PK_t412
dbo|t4121_cm_ctrl_fis_movto_serial|f4121_rowid|1|PK_t4121
dbo|t413_cm_secciones|f413_id_cia|1|PK_t413
dbo|t413_cm_secciones|f413_id|2|PK_t413
dbo|t415_cm_existencia_consig|f415_rowid|1|PK_t415
dbo|t416_cm_exist_consig_movto|f416_rowid_movto_inv_saldo|1|PK_t416
dbo|t417_cm_seriales|f417_rowid|1|PK_t417
dbo|t41801_import_cptos|f41801_rowid|1|PK_t41801
dbo|t41802_import_cptos_serv|f41802_rowid|1|PK_t41802
dbo|t41803_import_incoterms|f41803_rowid|1|PK_t41803
dbo|t41804_import_plantilla|f41804_rowid|1|PK_t41804
dbo|t41805_import_plantilla_cpto|f41805_rowid|1|PK_t41805
dbo|t41806_import_origen_destino|f41806_rowid|1|PK_t41806
dbo|t41807_import_vias|f41807_rowid|1|PK_t41807
dbo|t41850_import_docto|f41850_rowid|1|PK_t41850
dbo|t41851_import_movto|f41851_rowid|1|PK_t41851
dbo|t41852_import_movto_seriales|f41852_rowid_movto_import|1|PK_t41852
dbo|t41852_import_movto_seriales|f41852_rowid_serial|2|PK_t41852
dbo|t41853_import_mov_costo_acum|f41853_rowid|1|PK_t41853
dbo|t41854_import_docto_cptos_exc|f41854_rowid|1|PK_t41854
dbo|t419_mc_contactos_docto|f419_rowid|1|PK_t419
dbo|t420_cm_oc_docto|f420_rowid|1|PK_t420
dbo|t4201_cm_contrato|f4201_rowid_oc_docto|1|PK_t4201
dbo|t4202_cm_contrato_aiu|f4202_rowid_oc_docto|1|PK_t4202
dbo|t4202_cm_contrato_aiu|f4202_orden|2|PK_t4202
dbo|t4203_cm_contrato_polizas|f4203_rowid|1|PK_t4203
dbo|t4204_cm_contrato_gar_movto|f4204_rowid_docto_contrato|1|PK_t4204_cm_contrato_gar_movto
dbo|t4204_cm_contrato_gar_movto|f4204_rowid_movto_inv|2|PK_t4204_cm_contrato_gar_movto
dbo|t4205_cm_contrato_clases_pol|f4205_rowid|1|PK_t4205
dbo|t4206_cm_clases_solicitud|f4206_rowid|1|PK_t4206
dbo|t421_cm_oc_movto|f421_rowid|1|PK_t421
dbo|t4211_cm_oc_movto_aprobado|f4211_rowid|1|PK_t4211
dbo|t4212_cm_oc_docto_dist|f4212_rowid|1|PK_t4212
dbo|t4213_cm_automatizacion_ant|f4213_rowid_tercero_prov|1|PK_t4213
dbo|t4213_cm_automatizacion_ant|f4213_id_sucursal_prov|2|PK_t4213
dbo|t4214_cm_clases_contratos|f4214_rowid|1|PK_t4214
dbo|t4215_cm_clases_contrato_aiu|f4215_rowid_clase_contrato|1|PK_t4215
dbo|t4215_cm_clases_contrato_aiu|f4215_orden|2|PK_t4215
dbo|t4216_cm_clases_polizas|f4216_rowid|1|PK_t4216
dbo|t422_cm_oc_movto_dscto|f422_rowid_oc_movto|1|PK_t422
dbo|t422_cm_oc_movto_dscto|f422_orden|2|PK_t422
dbo|t422_cm_oc_movto_dscto|f422_ind_tipo_dscto|3|PK_t422
dbo|t423_cm_oc_movto_imp|f423_rowid_oc_movto|1|PK_t423
dbo|t423_cm_oc_movto_imp|f423_id_llave_imp|2|PK_t423
dbo|t424_cm_docto_sobrecosto|f424_rowid|1|PK_t424
dbo|t425_cm_docto_sobrecosto_imp|f425_rowid_docto_sobrecosto|1|PK_t425
dbo|t425_cm_docto_sobrecosto_imp|f425_id_llave|2|PK_t425
dbo|t426_cm_docto_log|f426_rowid|1|PK_t426
dbo|t427_cm_kanban|f427_rowid|1|PK_t427
dbo|t428_cm_kanban_movto|f428_rowid|1|PK_t428
dbo|t4291_of_docto|f4291_rowid|1|PK_t4291
dbo|t4292_of_movto|f4292_rowid|1|PK_t4292
dbo|t4293_of_movto_item|f4293_rowid|1|PK_t4293
dbo|t4294_of_docto_prov|f4294_rowid|1|PK_t4294
dbo|t4295_of_docto_prov_item|f4295_rowid|1|PK_t4295
dbo|t4296_of_docto_prov_item_dscto|f4296_rowid_of_docto_prov_item|1|PK_t4296
dbo|t4296_of_docto_prov_item_dscto|f4296_orden|2|PK_t4296
dbo|t4296_of_docto_prov_item_dscto|f4296_ind_tipo_dscto|3|PK_t4296
dbo|t4297_of_docto_prov_item_imp|f4297_rowid_of_docto_prov_item|1|PK_t4297
dbo|t4297_of_docto_prov_item_imp|f4297_id_cia|2|PK_t4297
dbo|t4297_of_docto_prov_item_imp|f4297_id_llave_imp|3|PK_t4297
dbo|t4298_of_movto_prov_selec|f4298_rowid|1|PK_t4298
dbo|t430_cm_pv_docto|f430_rowid|1|PK_t430
dbo|t431_cm_pv_movto|f431_rowid|1|PK_t431
dbo|t4311_cm_pv_movto_rel|f4311_rowid|1|PK_t4311
dbo|t4312_cm_pv_movto_reg_cambios|f4312_rowid|1|PK_t4312
dbo|t432_cm_pv_movto_dscto|f432_rowid_pv_movto|1|PK_t432
dbo|t432_cm_pv_movto_dscto|f432_orden|2|PK_t432
dbo|t432_cm_pv_movto_dscto|f432_ind_tipo_dscto|3|PK_t432
dbo|t433_cm_pv_movto_imp|f433_rowid_pv_movto|1|PK_t433
dbo|t433_cm_pv_movto_imp|f433_id_llave_imp|2|PK_t433
dbo|t434_cm_pv_movto_rel|f434_rowid|1|PK_t434
dbo|t435_cm_pv_movto_paquete|f435_rowid_pv_movto|1|PK_t435
dbo|t436_cm_pv_estado_retenido|f436_rowid_pv_docto|1|PK_t436
dbo|t436_cm_pv_estado_retenido|f436_ind_retenido_otros|2|PK_t436
dbo|t437_pv_docto_ant|f437_id_cia|1|PK_t437
dbo|t437_pv_docto_ant|f437_rowid_pv_docto|2|PK_t437
dbo|t437_pv_docto_ant|f437_rowid_sa|3|PK_t437
dbo|t438_cm_movto_edi|f438_rowid|1|PK_t438_cm_movto_edi
dbo|t4381_pv_docto_edi_consec|f4381_id_cia|1|PK_t4381
dbo|t4381_pv_docto_edi_consec|f4381_id_co|2|PK_t4381
dbo|t4381_pv_docto_edi_consec|f4381_id_tipo_docto|3|PK_t4381
dbo|t4381_pv_docto_edi_consec|f4381_consecutivo|4|PK_t4381
dbo|t439_cm_venta_perdida|f439_rowid|1|PK_t439
dbo|t440_docto_req_int|f440_rowid|1|PK_t440
dbo|t441_movto_req_int|f441_rowid|1|PK_t441
dbo|t443_cm_picking_docto|f443_rowid|1|PK_t443
dbo|t444_cm_picking_movto|f444_rowid|1|PK_t444
dbo|t4441_cm_picking_mov_seriales|f4441_rowid_picking_movto|1|PK_t4441
dbo|t4441_cm_picking_mov_seriales|f4441_rowid_serial|2|PK_t4441
dbo|t4442_cm_picking_mov_destare|f4442_rowid|1|PK_t4442
dbo|t4443_cm_picking_mov_tareas|f4443_rowid_picking_movto|1|PK_t4443
dbo|t4443_cm_picking_mov_tareas|f4443_orden|2|PK_t4443
dbo|t445_req_int_rel_op|f445_rowid_op_docto|1|PK_t445
dbo|t445_req_int_rel_op|f445_rowid_req_docto|2|PK_t445
dbo|t446_cm_docto_inv_item|f446_rowid|1|PK_t446
dbo|t447_cm_movto_inv_item|f447_rowid|1|PK_t447
dbo|t448_cm_docto_vta_item|f448_rowid|1|PK_t448
dbo|t449_cm_movto_vta_item|f449_rowid|1|PK_t449
dbo|t4491_cm_movto_vta_item_imp|f4491_rowid_movto_vta_item|1|PK_t4491
dbo|t4491_cm_movto_vta_item_imp|f4491_id_llave_imp|2|PK_t4491
dbo|t4492_cm_movto_vta_item_dscto|f4492_rowid_movto_vta_item|1|PK_t4492
dbo|t4492_cm_movto_vta_item_dscto|f4492_orden|2|PK_t4492
dbo|t4492_cm_movto_vta_item_dscto|f4492_ind_tipo_dscto|3|PK_t4492
dbo|t450_cm_docto_invent|f450_rowid_docto|1|PK_t450
dbo|t451_cm_docto_compras|f451_rowid_docto|1|PK_t451
dbo|t4511_cm_ad_docto|f4511_rowid|1|PK_t4511
dbo|t4512_cm_ad_docto_campos|f4512_rowid_ar_docto|1|PK_t4512
dbo|t4512_cm_ad_docto_campos|f4512_campo|2|PK_t4512
dbo|t4513_cm_ad_movto|f4513_rowid|1|PK_t4513
dbo|t4514_cm_adev_docto|f4514_rowid|1|PK_t4514
dbo|t4515_cm_adev_docto_campos|f4515_rowid_adev_docto|1|PK_t4515
dbo|t4515_cm_adev_docto_campos|f4515_campo|2|PK_t4515
dbo|t4516_cm_adev_movto|f4516_rowid|1|PK_t4516
dbo|t452_cm_docto_sobrecosto|f452_rowid|1|PK_t452
dbo|t453_cm_docto_sobrecostos_imp|f453_rowid_docto_sobrecost_imp|1|PK_t453
dbo|t453_cm_docto_sobrecostos_imp|f453_id_llave_imp|2|PK_t453
dbo|t454_cm_docto_compras_fletes|f454_rowid_docto|1|PK_t454_1
dbo|t455_cm_factura_docto|f455_rowid_docto|1|PK_t455
dbo|t460_cm_docto_remision_venta|f460_rowid_docto|1|PK_t460
dbo|t4601_cm_ar_docto|f4601_rowid|1|PK_t4601
dbo|t4602_cm_ar_docto_campos|f4602_rowid_ar_docto|1|PK_t4602
dbo|t4602_cm_ar_docto_campos|f4602_campo|2|PK_t4602
dbo|t4603_cm_ar_movto|f4603_rowid|1|PK_t4603
dbo|t4604_cm_ar_movto_rem|f4604_rowid_movto_ar|1|PK_t4604
dbo|t4604_cm_ar_movto_rem|f4604_rowid_docto_rem|2|PK_t4604
dbo|t4604_cm_ar_movto_rem|f4604_um|3|PK_t4604
dbo|t461_cm_docto_factura_venta|f461_rowid_docto|1|PK_t461
dbo|t4611_cm_docto_factura_vta_pos|f4611_rowid|1|PK_t4611
dbo|t4612_cm_docto_vta_log|f4612_rowid|1|PK_t4612
dbo|t4613_cm_docto_fact_agil|f4613_rowid_docto|1|PK_t4613
dbo|t4614_cm_docto_turno|f4614_rowid|1|PK_t4614
dbo|t46141_cm_docto_turno_detalle|f46141_rowid|1|PK_t46141
dbo|t4615_cm_docto_domicilios|f4615_rowid_docto|1|PK_t4615
dbo|t4616_cm_control_entrega|f4616_rowid|1|PK_t4616
dbo|t4617_cm_docto_entrega|f4617_rowid|1|PK_t4617
dbo|t4618_cm_movto_entrega|f4618_rowid|1|PK_t4618
dbo|t4619_cm_docto_fact_nota|f4619_rowid_factura_movto|1|PK_t4619
dbo|t4619_cm_docto_fact_nota|f4619_rowid_nota_movto|2|PK_t4619
dbo|t462_cm_docto_transportador|f462_rowid_docto|1|PK_t462
dbo|t463_cm_docto_planilla|f463_rowid|1|PK_t463
dbo|t464_cm_docto_planilla_rel|f464_rowid|1|PK_t464
dbo|t465_cm_docto_verifica|f465_rowid_docto|1|PK_t465
dbo|t466_cm_movto_verifica|f466_rowid|1|PK_t466
dbo|t467_cm_movto_verifica_inv|f467_rowid_movto_inv|1|PK_t467
dbo|t468_cm_novedades_verifica|f468_rowid|1|PK_t468
dbo|t469_cm_docto_desc_tecnicas|f469_rowid|1|PK_t469
dbo|t470_cm_movto_invent|f470_rowid|1|PK_t470
dbo|t4701_cm_movto_inv_rel|f4701_rowid_movto_inv|1|PK_t4701
dbo|t4702_cm_log_movto_invent|f4702_rowid_movto|1|PK_t4702
dbo|t4703_movto_inv_import|f4703_rowid|1|PK_t4703
dbo|t471_cm_movto_invent_dscto|f471_rowid_movto_inv|1|PK_t471
dbo|t471_cm_movto_invent_dscto|f471_orden|2|PK_t471
dbo|t471_cm_movto_invent_dscto|f471_ind_tipo_dscto|3|PK_t471
dbo|t472_cm_movto_invent_imp|f472_rowid_movto_inv|1|PK_t472
dbo|t472_cm_movto_invent_imp|f472_id_llave_impuesto|2|PK_t472
dbo|t473_cm_movto_invent_ret_temp|f473_rowid_movto_inv|1|PK_t473
dbo|t473_cm_movto_invent_ret_temp|f473_id_llave_retencion|2|PK_t473
dbo|t474_cm_movto_kit_temp|f474_rowid|1|PK_t474
dbo|t475_cm_movto_kit_adic_temp|f475_rowid|1|PK_t475
dbo|t476_cm_movto_costos|f476_rowid_movto|1|PK_t476_cm_movto_costos
dbo|t476_cm_movto_costos|f476_id_grupo_costo|2|PK_t476_cm_movto_costos
dbo|t476_cm_movto_costos|f476_id_segmento_costo|3|PK_t476_cm_movto_costos
dbo|t476_cm_movto_costos|f476_id_segmento_costo_origen|4|PK_t476_cm_movto_costos
dbo|t4761_cm_log_movto_costos|f4761_rowid_movto|1|PK_t4761
dbo|t4761_cm_log_movto_costos|f4761_id_grupo_costo|2|PK_t4761
dbo|t4761_cm_log_movto_costos|f4761_id_segmento_costo|3|PK_t4761
dbo|t4761_cm_log_movto_costos|f4761_id_segmento_costo_origen|4|PK_t4761
dbo|t477_cm_movto_consig|f477_rowid|1|PK_t477
dbo|t4771_cm_movto_consig_seriales|f4771_rowid|1|PK_t4771
dbo|t478_cm_movto_consig_imp|f478_rowid_movto_consig|1|PK_t478
dbo|t478_cm_movto_consig_imp|f478_id_llave_impuesto|2|PK_t478
dbo|t479_cm_movto_seriales|f479_rowid_movto_inv|1|PK_t479
dbo|t479_cm_movto_seriales|f479_rowid_serial|2|PK_t479
dbo|t480_cm_movto_op_temp|f480_rowid|1|PK_t480
dbo|t481_cm_movto_costo_op_temp|f481_rowid|1|PK_t481
dbo|t482_cm_movto_kit_ser_temp|f482_rowid|1|PK_t482
dbo|t483_cm_movto_paquete|f483_rowid_movto_inv|1|PK_t483
dbo|t484_cm_movto_dist|f484_rowid|1|PK_t484
dbo|t485_cm_movto_destare|f485_rowid|1|PK_t485
dbo|t486_cm_movto_destare_comprom|f486_rowid|1|PK_t486
dbo|t4871_cm_vnr|f4871_rowid|1|PK_t4871
dbo|t4872_cm_saldos_niif|f4872_rowid|1|PK_t4872
dbo|t4873_cm_movto_niif|f4873_rowid|1|PK_t4873
dbo|t4874_cm_ajuste_pp|f4874_rowid|1|PK_t4874
dbo|t4881_log_movto_inv|f4881_rowid|1|PK_t4881
dbo|t4882_log_movto_costos|f4882_rowid|1|PK_t4882
dbo|t489_cm_saldo_dispensacion|f489_rowid_movto_inv|1|PK_t489
dbo|t490_cm_plan_ppto|f490_id_cia|1|PK_t490
dbo|t490_cm_plan_ppto|f490_id|2|PK_t490
dbo|t491_cm_plan_ppto_detalle|f491_rowid|1|PK_t491
dbo|t4917_proy_base_distribucion|f4917_rowid|1|PK_t4917
dbo|t4918_proy_estructura|f4918_id_cia|1|PK_t4918
dbo|t4918_proy_estructura|f4918_id|2|PK_t4918
dbo|t4919_proy_estructura_nivel|f4919_id_cia|1|PK_t4919
dbo|t4919_proy_estructura_nivel|f4919_id_estructura|2|PK_t4919
dbo|t4919_proy_estructura_nivel|f4919_nivel|3|PK_t4919
dbo|t4920_mc_tipos_recursos|f4920_rowid|1|PK_t4920
dbo|t4921_mc_clases_proyecto|f4921_id|1|PK_t4921
dbo|t4922_mc_proyecto_master|f4922_rowid|1|PK_t4922
dbo|t4923_proyecto_etapa|f4923_rowid|1|PK_t4923
dbo|t4924_proy_etapa_predecesora|f4924_rowid|1|PK_t4924
dbo|t4925_proyecto_recursos|f4925_rowid|1|PK_t4925
dbo|t4926_proy_recursos_resumen|f4926_id_cia|1|PK_t4926
dbo|t4926_proy_recursos_resumen|f4926_id_proyecto|2|PK_t4926
dbo|t4926_proy_recursos_resumen|f4926_rowid_etapa|3|PK_t4926
dbo|t4926_proy_recursos_resumen|f4926_rowid_item_ext|4|PK_t4926
dbo|t4928_proyecto_item_compra|f4928_id_cia|1|PK_t4928
dbo|t4928_proyecto_item_compra|f4928_id_proyecto|2|PK_t4928
dbo|t4928_proyecto_item_compra|f4928_rowid_item_ext|3|PK_t4928
dbo|t4929_proyecto_movto_real|f4929_rowid|1|PK_t4929
dbo|t4940_cm_ppto_actividad|f4940_rowid_ppto_control|1|PK_t4940
dbo|t4940_cm_ppto_actividad|f4940_rowid_ccosto_activ|2|PK_t4940
dbo|t4941_proyecto_docto|f4941_rowid|1|PK_t4941
dbo|t4942_proyecto_movto_act|f4942_rowid|1|PK_t4942
dbo|t4943_proyecto_movto_rec|f4943_rowid|1|PK_t4943
dbo|t4944_proyecto_movto_si|f4944_rowid|1|PK_t4944
dbo|t4945_proyecto_movto_distrib|f4945_rowid|1|PK_t4945
dbo|t4951_cm_ppto_control|f4951_rowid|1|PK_t4951
dbo|t4952_cm_ppto_control_co|f4952_rowid_ppto_control|1|PK_t4952
dbo|t4952_cm_ppto_control_co|f4952_id_co|2|PK_t4952
dbo|t4953_cm_ppto_control_terc|f4953_rowid_ppto_control|1|PK_t4953
dbo|t4953_cm_ppto_control_terc|f4953_rowid_terc_respon|2|PK_t4953
dbo|t4955_cm_ppto|f4955_rowid|1|PK_t4955
dbo|t4956_cm_movto_ppto|f4956_rowid|1|PK_t4956
dbo|t4957_cm_movto_ppto_real|f4957_rowid|1|PK_t4957
dbo|t496_cm_cond_pago_item|f496_rowid|1|PK_t496
dbo|t4961_cm_cond_vta_item|f4961_rowid|1|PK_t4961
dbo|t4962_cm_cond_entrega|f4962_rowid|1|PK_t4962
dbo|t49621_cm_cond_ent_tipos_d|f49621_rowid|1|PK_t49621
dbo|t49622_cm_cond_ent_tarifas|f49622_rowid|1|PK_t49622
dbo|t4963_cm_cond_ent_prod|f4963_rowid|1|PK_t4963
dbo|t497_cm_dias_limite_producto|f497_rowid|1|PK_t497
dbo|t498_mc_excepciones_compras|f498_rowid|1|PK_t498
dbo|t499_cm_lote_impo_docto|f499_rowid|1|PK_t499
dbo|t509_co_log_doctos_lib_peru|f509_id_cia|1|PK_t509
dbo|t509_co_log_doctos_lib_peru|f509_id_periodo|2|PK_t509
dbo|t509_co_log_doctos_lib_peru|f509_id_libro_reporte|3|PK_t509
dbo|t509_co_log_doctos_lib_peru|f509_rowid_docto|4|PK_t509
dbo|t510_co_inst_fn_tasas|f510_id_cia|1|PK_t510
dbo|t510_co_inst_fn_tasas|f510_ind_tipo|2|PK_t510
dbo|t510_co_inst_fn_tasas|f510_fecha|3|PK_t510
dbo|t511_co_inst_fn_tipo_inst|f511_rowid|1|PK_t511
dbo|t512_co_inst_fn|f512_rowid|1|PK_t512
dbo|t5121_co_inst_fn_proy_amort|f5121_rowid|1|PK_t5121
dbo|t513_co_inst_fn_movto|f513_rowid|1|PK_t513
dbo|t515_co_caja_menor|f515_rowid|1|PK_t515
dbo|t516_co_caja_menor_moneda|f516_rowid|1|PK_t516
dbo|t517_co_caja_menor_mon_mov|f517_rowid|1|PK_t517
dbo|t518_co_caja_menor_leg_doc|f518_rowid_docto|1|PK_t518
dbo|t519_co_anticipos_leg_doc|f519_rowid_docto|1|PK_t519
dbo|t520_co_cpto_contable|f520_rowid|1|PK_t520
dbo|t521_co_pred_contable|f521_rowid|1|PK_t521
dbo|t522_co_pred_contable_det|f522_rowid|1|PK_t522
dbo|t525_gc_ci_cp|f525_id_cia|1|PK_t525
dbo|t527_gc_ci_docto_cp|f527_rowid|1|PK_t527
dbo|t528_gc_ci_movto_cp|f528_rowid|1|PK_t528
dbo|t530_gc_formatos|f530_id|1|PK_t530
dbo|t530_gc_formatos|f530_ind_tipo|2|PK_t530
dbo|t530_gc_formatos|f530_ano_cpto|3|PK_t530
dbo|t5301_gc_formatos_xml_est|f5301_id_formato|1|PK_t5301
dbo|t5301_gc_formatos_xml_est|f5301_version|2|PK_t5301
dbo|t5301_gc_formatos_xml_est|f5301_id_tipo_entidad|3|PK_t5301
dbo|t5301_gc_formatos_xml_est|f5301_ano_cpto|4|PK_t5301
dbo|t5302_gc_entidades|f5302_id|1|PK_t5302
dbo|t531_gc_formatos_estructura|f531_id_formato|1|PK_t531
dbo|t531_gc_formatos_estructura|f531_version|2|PK_t531
dbo|t531_gc_formatos_estructura|f531_tipo_reg|3|PK_t531
dbo|t531_gc_formatos_estructura|f531_campo|4|PK_t531
dbo|t531_gc_formatos_estructura|f531_id_tipo_entidad|5|PK_t531
dbo|t531_gc_formatos_estructura|f531_ano_cpto|6|PK_t531
dbo|t532_gc_grupos|f532_id_cia|1|PK_t532
dbo|t532_gc_grupos|f532_id|2|PK_t532
dbo|t532_gc_grupos|f532_ano_cpto|3|PK_t532
dbo|t533_gc_conceptos|f533_id|1|PK_t533
dbo|t533_gc_conceptos|f533_id_tipo_entidad|2|PK_t533
dbo|t533_gc_conceptos|f533_ano_cpto|3|PK_t533
dbo|t534_gc_fmto_cpto|f534_rowid|1|PK_t534
dbo|t535_gc_fmto_cpto_auxiliares|f535_rowid|1|PK_t535
dbo|t5353_saldos_cxc|f5353_rowid|1|PK_t5353
dbo|t5354_saldos_cxp|f5354_rowid|1|PK_t5354
dbo|t5355_acum_activos_fijos_niif|f5355_rowid|1|PK_t5355
dbo|t5356_acum_activos_fijos|f5356_rowid|1|PK_t5356
dbo|t536_gc_movimiento|f536_rowid|1|PK_t536
dbo|t5361_gc_movimiento|f5361_rowid|1|PK_t5361
dbo|t5362_gc_movimiento_rmb|f5362_rowid|1|PK_t5362
dbo|t537_gc_envios|f537_ano|1|PK_t537_gc_envios
dbo|t538_gc_consorcio|f538_id_cia|1|PK_t538
dbo|t538_gc_consorcio|f538_rowid_tercero|2|PK_t538
dbo|t538_gc_consorcio|f538_ano_cpto|3|PK_t538
dbo|t540_lg_sesiones|f540_rowid|1|PK_t540
dbo|t5400_res_exis_item_bdg|f5400_rowid|1|PK_t5400
dbo|t5401_res_exis_item_ubic_lote|f5401_rowid|1|PK_t5401
dbo|t5402_res_exis_item_instal|f5402_rowid|1|PK_t5402
dbo|t5403_lg_sesiones_token|f5403_token|1|PK_t5403
dbo|t541_lg_log|f541_rowid|1|PK_t541
dbo|t542_ss_sesion_w|f542_rowid_usuario|1|PK_t542
dbo|t542_ss_sesion_w|f542_id_maquina|2|PK_t542
dbo|t542_ss_sesion_w|f542_id_sesion|3|PK_t542
dbo|t543_exp_tablas|f543_id_cia|1|PK_t543
dbo|t543_exp_tablas|f543_id|2|PK_t543
dbo|t543_exp_tablas|f543_tipo_reg|3|PK_t543
dbo|t543_exp_tablas|f543_subtipo_reg|4|PK_t543
dbo|t543_exp_tablas|f543_version|5|PK_t543
dbo|t544_exp_registro|f544_rowid|1|PK_t544
dbo|t545_mn_grupos_menu|f545_id|1|PK_t545
dbo|t5450_acum_inventarios|f5450_rowid|1|PK_t5450
dbo|t5451_acum_compras|f5451_rowid|1|PK_t5451
dbo|t5452_mn_grupos_menu_cu|f5452_id_grupo_menu|1|PK_t5452
dbo|t5452_mn_grupos_menu_cu|f5452_id_cultura|2|PK_t5452
dbo|t546_mn_menu_metodos|f546_id_metodo|1|PK_t546
dbo|t5461_acum_ventas_fact|f5461_rowid|1|PK_t5461
dbo|t5462_mn_menu_metodos_cu|f5462_id_metodo|1|PK_t5462
dbo|t5462_mn_menu_metodos_cu|f5462_id_cultura|2|PK_t5462
dbo|t5463_acum_ventas_fact_ocac|f5463_rowid|1|PK_t5463
dbo|t5465_acum_ventas_fact_pos|f5465_rowid|1|PK_t5465
dbo|t5466_acum_ventas_fecha|f5466_rowid|1|PK_t5466
dbo|t5467_acum_ventas_periodo|f5467_rowid|1|PK_t5467
dbo|t547_mn_menu_otros|f547_id|1|PK_t547
dbo|t548_mn_menus|f548_id|1|PK_t548
dbo|t548_mn_menus|f548_indice|2|PK_t548
dbo|t5481_mn_menus_w|f5481_id|1|PK_t5481
dbo|t5481_mn_menus_w|f5481_indice|2|PK_t5481
dbo|t5482_mn_menus_cu|f5482_id_menu|1|PK_t5482
dbo|t5482_mn_menus_cu|f5482_id_indice|2|PK_t5482
dbo|t5482_mn_menus_cu|f5482_id_cultura|3|PK_t5482
dbo|t5483_mn_menus_favoritos|f5483_rowid_usuario|1|PK_t5483
dbo|t5483_mn_menus_favoritos|f5483_id|2|PK_t5483
dbo|t5483_mn_menus_favoritos|f5483_indice|3|PK_t5483
dbo|t5484_mn_fw_menu_maestro|f5484_id|1|PK_t5484
dbo|t5485_mn_fw_metodos|f5485_id|1|PK_t5485
dbo|t5485_mn_fw_metodos|f5485_id_menu_maestro|2|PK_t5485
dbo|t54851_mn_fw_met_excluidos|f54851_id_menu_maestro|1|PK_t54851
dbo|t54851_mn_fw_met_excluidos|f54851_id_metodo|2|PK_t54851
dbo|t5486_mn_fw_tipo_seguridad|f5486_id|1|PK_t5486
dbo|t549_mn_menus_grupos_menu|f549_rowid|1|PK_t549
dbo|t5491_mn_menus_grupos_menu_w|f5491_rowid|1|PK_t5491
dbo|t550_ss_perfiles|f550_id_cia|1|PK_t550
dbo|t550_ss_perfiles|f550_id|2|PK_t550
dbo|t5501_ss_fw_perfiles_nav|f5501_rowid|1|PK_t5501
dbo|t5502_ss_perfiles_sincronizar|f5502_nombre|1|PK_t5502
dbo|t5503_ss_perfiles_sinc_cias|f5503_nombre|1|PK_t5503
dbo|t5503_ss_perfiles_sinc_cias|f5503_id_cia|2|PK_t5503
dbo|t551_ss_metodos_generales|f551_rowid|1|PK_t551
dbo|t552_ss_usuarios|f552_rowid|1|PK_t552
dbo|t5521_ss_usuarios_claves|f5521_rowid|1|PK_t5521
dbo|t5522_ss_usuarios_programa|f5522_rowid|1|PK_t5522
dbo|t553_ss_parametros_generales|f553_id_metodo|1|PK_t553
dbo|t553_ss_parametros_generales|f553_id|2|PK_t553
dbo|t554_ss_politicas|f554_rowid|1|PK_t554
dbo|t561_ss_metodos|f561_id|1|PK_t561
dbo|t5611_ss_metodos_cu|f5611_id_metodo|1|PK_t5611
dbo|t5611_ss_metodos_cu|f5611_id_cultura|2|PK_t5611
dbo|t562_ss_parametros|f562_id_metodo|1|PK_t562
dbo|t562_ss_parametros|f562_id|2|PK_t562
dbo|t563_ss_metodos_modulos|f563_rowid|1|PK_t563
dbo|t564_ss_metodos_sp|f564_sp|1|PK_t564
dbo|t564_ss_metodos_sp|f564_id_metodo|2|PK_t564
dbo|t570_ss_metodos_perfil|f570_rowid_metodo_perfil|1|PK_t570
dbo|t571_ss_usuarios_perfil|f571_id_cia|1|PK_t571
dbo|t571_ss_usuarios_perfil|f571_id_perfil|2|PK_t571
dbo|t571_ss_usuarios_perfil|f571_rowid_usuario|3|PK_t571
dbo|t572_ss_consultas_perfil|f572_rowid|1|PK_t572
dbo|t5780_sm_grupo_metodo|f5780_ind_tipo_seguridad|1|PK_t5780
dbo|t5780_sm_grupo_metodo|f5780_id|2|PK_t5780
dbo|t5781_sm_metodo|f5781_ind_tipo_seguridad|1|PK_t5781
dbo|t5781_sm_metodo|f5781_id|2|PK_t5781
dbo|t5782_sm_metodos_app|f5782_id|1|PK_t5782
dbo|t5783_sm_perfiles|f5783_ind_tipo_seguridad|1|PK_t5783
dbo|t5783_sm_perfiles|f5783_id_cia|2|PK_t5783
dbo|t5783_sm_perfiles|f5783_id|3|PK_t5783
dbo|t5784_sm_Perfiles_metodo|f5784_ind_tipo_seguridad|1|PK_t5784
dbo|t5784_sm_Perfiles_metodo|f5784_id_cia|2|PK_t5784
dbo|t5784_sm_Perfiles_metodo|f5784_id_perfil|3|PK_t5784
dbo|t5784_sm_Perfiles_metodo|f5784_id_metodo|4|PK_t5784
dbo|t57841_sm_perfiles_met_app|f57841_ind_tipo_seguridad|1|PK_t57841
dbo|t57841_sm_perfiles_met_app|f57841_id_cia|2|PK_t57841
dbo|t57841_sm_perfiles_met_app|f57841_id_perfil|3|PK_t57841
dbo|t57841_sm_perfiles_met_app|f57841_id_metodo_app|4|PK_t57841
dbo|t5785_sm_perfil_parametros|f5785_ind_tipo_seguridad|1|PK_t5785
dbo|t5785_sm_perfil_parametros|f5785_id_cia|2|PK_t5785
dbo|t5785_sm_perfil_parametros|f5785_id_perfil|3|PK_t5785
dbo|t5786_sm_perfil_param_listasp|f5786_ind_tipo_seguridad|1|PK_t5786
dbo|t5786_sm_perfil_param_listasp|f5786_id_cia|2|PK_t5786
dbo|t5786_sm_perfil_param_listasp|f5786_id_perfil|3|PK_t5786
dbo|t5786_sm_perfil_param_listasp|f5786_id_lista_precio|4|PK_t5786
dbo|t5787_sm_perfil_param_mpago|f5787_ind_tipo_seguridad|1|PK_t5787
dbo|t5787_sm_perfil_param_mpago|f5787_id_cia|2|PK_t5787
dbo|t5787_sm_perfil_param_mpago|f5787_id_perfil|3|PK_t5787
dbo|t5787_sm_perfil_param_mpago|f5787_id_medio_pago|4|PK_t5787
dbo|t5788_sm_perfiles_apliciones|f5788_ind_tipo_seguridad|1|PK_t5788
dbo|t5788_sm_perfiles_apliciones|f5788_id_cia|2|PK_t5788
dbo|t5788_sm_perfiles_apliciones|f5788_id_perfil|3|PK_t5788
dbo|t5788_sm_perfiles_apliciones|f5788_id_aplicacion|4|PK_t5788
dbo|t5789_perfiles_general|f5789_ind_tipo_seguridad|1|PK_t5789
dbo|t5789_perfiles_general|f5789_id_cia|2|PK_t5789
dbo|t5789_perfiles_general|f5789_id_perfil|3|PK_t5789
dbo|t5790_sm_ruta|f5790_rowid|1|PK_t5790
dbo|t5791_sm_ruta_frecuencia|f5791_rowid|1|PK_t5791
dbo|t5792_sm_ruta_visita|f5792_rowid|1|PK_t5792
dbo|t5793_sm_grupo_aplicaciones|f5793_ind_tipo_seguridad|1|PK_t5793
dbo|t5793_sm_grupo_aplicaciones|f5793_id|2|PK_t5793
dbo|t5794_sm_aplicaciones|f5794_ind_tipo_seguridad|1|PK_t5794
dbo|t5794_sm_aplicaciones|f5794_id|2|PK_t5794
dbo|t5795_sm_menu_parametros_app|f5795_id|1|PK_t5795
dbo|t5796_sm_perfil_parametros_app|f5796_ind_tipo_seguridad|1|PK_t5796
dbo|t5796_sm_perfil_parametros_app|f5796_id_cia|2|PK_t5796
dbo|t5796_sm_perfil_parametros_app|f5796_id_perfil|3|PK_t5796
dbo|t5796_sm_perfil_parametros_app|f5796_id_grupo_entidad|4|PK_t5796
dbo|t5798_sm_update_service_pack|f5798_id_version|1|PK_t5798
dbo|t5798_sm_update_service_pack|f5798_id_service_pack|2|PK_t5798
dbo|t5799_sm_catalogo_obsequios|f5799_rowid|1|PK_t5799
dbo|t580_ff_fotos|f580_rowid|1|PK_t580
dbo|t5801_ff_fotos_baja_calidad|f5801_rowid_foto|1|PK_t5801
dbo|t5802_ff_fotos_formatos|f5802_rowid|1|PK_t5802
dbo|t585_co_planilla|f585_rowid|1|PK_t585
dbo|t586_co_odc|f586_rowid|1|PK_t586
dbo|t587_co_planilla_rel|f587_rowid|1|PK_t587
dbo|t5871_co_planilla_rel_rc|f5871_rowid_control|1|PK_t5871
dbo|t5871_co_planilla_rel_rc|f5871_rowid_planilla_rel|2|PK_t5871
dbo|t5871_co_planilla_rel_rc|f5871_rowid_rc|3|PK_t5871
dbo|t588_co_control|f588_rowid|1|PK_t588
dbo|t589_co_control_doctos|f589_rowid|1|PK_t589
dbo|t590_co_control_medios_pago|f590_rowid|1|PK_t590
dbo|t591_co_control_aplicados|f591_rowid|1|PK_t591
dbo|t592_co_planilla_rel_ajustes|f592_rowid|1|PK_t592
dbo|t593_cm_planilla_facturas|f593_rowid|1|PK_t593
dbo|t594_cm_planilla_transp|f594_rowid_docto_planilla|1|PK_t594
dbo|t595_co_ant_cpto_tipo|f595_rowid|1|PK_t595
dbo|t5951_co_ant_cpto|f5951_rowid|1|PK_t5951
dbo|t5952_co_ant_solicitud|f5952_rowid|1|PK_t5952
dbo|t5953_co_ant_solicitud_det|f5953_rowid|1|PK_t5953
dbo|t5953_co_ant_solicitud_det|f5953_id_cia|2|PK_t5953
dbo|t5954_co_ant_grupo_cpto|f5954_rowid|1|PK_t5954
dbo|t5955_co_ant_grupo_cpto_det|f5955_rowid|1|PK_t5955
dbo|t596_co_viaje_plan_docto|f596_rowid|1|PK_t596
dbo|t5961_co_viaje_plan_tramos|f5961_rowid|1|PK_t5961
dbo|t5962_co_viaje_plan_tr_cpto|f5962_rowid|1|PK_t5962
dbo|t5963_co_viaje_plan_cpt_pre|f5963_rowid|1|PK_t5963
dbo|t5966_co_plan_vje_tipo_transp|f5966_rowid|1|PK_t5966
dbo|t5967_co_plan_viaje_categ|f5967_rowid|1|PK_t5967
dbo|t5968_co_viaje_cpto|f5968_rowid|1|PK_t5968
dbo|t5969_co_viaje_cpto_monto|f5969_rowid|1|PK_t5969
dbo|t5970_co_viaje_tarifa|f5970_rowid|1|PK_t5970
dbo|t5971_co_viaje_grupo_ccosto|f5971_rowid|1|PK_t5971
dbo|t5972_co_viaje_grupo_ccosto_a|f5972_rowid|1|PK_t5972
dbo|t5973_co_viaje_plant|f5973_rowid|1|PK_t5973
dbo|t5974_co_viaje_plant_cptos|f5974_rowid|1|PK_t5974
dbo|t600_in_informes|f600_rowid|1|PK_t600
dbo|t6001_in_informes_perfiles|f6001_id_cia|1|PK_t6001
dbo|t6001_in_informes_perfiles|f6001_tipo|2|PK_t6001
dbo|t6001_in_informes_perfiles|f6001_nombre|3|PK_t6001
dbo|t6001_in_informes_perfiles|f6001_id_perfiles|4|PK_t6001
dbo|t6002_in_informes_pruebas|f6002_tipo|1|PK_t6002_in_informes_pruebas
dbo|t6005_in_informes_log|f6005_rowid|1|PK_t6005
dbo|t601_in_informes_usuarios|f601_id_cia|1|PK_t601
dbo|t601_in_informes_usuarios|f601_tipo|2|PK_t601
dbo|t601_in_informes_usuarios|f601_usuario|3|PK_t601
dbo|t602_in_consulta|f602_rowid|1|PK_t602
dbo|t6021_in_consulta_dicc_ref|f6021_id|1|PK_t6021
dbo|t6022_in_consulta_dicc_datos|f6022_id_referencia|1|PK_t6022
dbo|t6022_in_consulta_dicc_datos|f6022_consecutivo|2|PK_t6022
dbo|t6023_in_consulta_ba|f6023_rowid|1|PK_t6023_in_consulta_ba
dbo|t603_in_consulta_join|f603_tipo|1|PK_t603
dbo|t603_in_consulta_join|f603_tabla_join|2|PK_t603
dbo|t6031_in_consulta_join_ba|f6031_tipo|1|PK_t6031
dbo|t6031_in_consulta_join_ba|f6031_tabla_join|2|PK_t6031
dbo|t604_in_consulta_entidad|f604_tipo|1|PK_t604
dbo|t604_in_consulta_entidad|f604_id_tipo_entidad|2|PK_t604
dbo|t606_in_funciones_cubo|f606_funcion|1|PK_t606
dbo|t609_in_formatos_adicionales|f609_id_tipo_tabla|1|PK_t609
dbo|t609_in_formatos_adicionales|f609_rowid_docto|2|PK_t609
dbo|t609_in_formatos_adicionales|f609_id_formato|3|PK_t609
dbo|t610_in_formatos|f610_id|1|PK_t610
dbo|t611_in_formatos_parametros|f611_id_formato|1|PK_t611
dbo|t611_in_formatos_parametros|f611_orden|2|PK_t611
dbo|t6111_in_formatos_param_valor|f6111_id_formato|1|PK_t6111
dbo|t6111_in_formatos_param_valor|f6111_orden_param|2|PK_t6111
dbo|t6111_in_formatos_param_valor|f6111_valor|3|PK_t6111
dbo|t612_in_dicc_datos|f612_id|1|PK_t612
dbo|t613_in_dicc_datos_campos|f613_id_dicc_datos|1|PK_t613
dbo|t613_in_dicc_datos_campos|f613_id|2|PK_t613
dbo|t614_in_forma|f614_id|1|PK_t614
dbo|t615_in_forma_campos|f615_id_forma|1|PK_t615
dbo|t615_in_forma_campos|f615_id|2|PK_t615
dbo|t616_in_forma_lineas|f616_id_forma|1|PK_t616
dbo|t616_in_forma_lineas|f616_fila|2|PK_t616
dbo|t616_in_forma_lineas|f616_col|3|PK_t616
dbo|t617_in_param_pruebas|f617_rowid|1|PK_t617
dbo|t620_co_fincomp|f620_rowid|1|PK_t620
dbo|t621_co_fila_fincomp|f621_rowid|1|PK_t621
dbo|t622_co_detalle_fincomp|f622_rowid|1|PK_t622
dbo|t625_co_formato_pate|f625_id|1|PK_t625
dbo|t626_co_recaudo_pate|f626_rowid|1|PK_t626
dbo|t627_co_recaudo_pate_detalle|f627_rowid_recuado_pate|1|PK_t627
dbo|t627_co_recaudo_pate_detalle|f627_id|2|PK_t627
dbo|t630_pe_formatos|f630_id|1|PK_t630
dbo|t631_pe_formato_campos|f631_id_pe_formato|1|PK_t631
dbo|t631_pe_formato_campos|f631_ind_tipo_campo|2|PK_t631
dbo|t631_pe_formato_campos|f631_id|3|PK_t631
dbo|t632_pe_formato_campos_valor|f632_id_pe_formato|1|PK_t632
dbo|t632_pe_formato_campos_valor|f632_ind_tipo_campo|2|PK_t632
dbo|t632_pe_formato_campos_valor|f632_id_campo|3|PK_t632
dbo|t632_pe_formato_campos_valor|f632_valor|4|PK_t632
dbo|t633_pe_prov_cuenta|f633_rowid|1|PK_t633
dbo|t634_pe_formato_prov_cuenta|f634_rowid_pe_prov_cuenta|1|PK_t634
dbo|t634_pe_formato_prov_cuenta|f634_id_formato|2|PK_t634
dbo|t635_pe_formato_campos_cia|f635_id_cia|1|PK_t635
dbo|t635_pe_formato_campos_cia|f635_id_pe_formato|2|PK_t635
dbo|t635_pe_formato_campos_cia|f635_ind_tipo_campo|3|PK_t635
dbo|t635_pe_formato_campos_cia|f635_id_campo|4|PK_t635
dbo|t635_pe_formato_campos_cia|f635_id_cuenta_bancaria|5|PK_t635
dbo|t640_co_rubros|f640_id|1|PK_t640
dbo|t6401_co_rubros_config|f6401_rowid|1|PK_t6401
dbo|t641_co_rubro_fila|f641_id_cia|1|PK_t641
dbo|t641_co_rubro_fila|f641_id_rubro|2|PK_t641
dbo|t641_co_rubro_fila|f641_id_fila|3|PK_t641
dbo|t641_co_rubro_fila|f641_rowid_rubro_config|4|PK_t641
dbo|t642_co_rubro_fila_cuenta|f642_id_cia|1|PK_t642
dbo|t642_co_rubro_fila_cuenta|f642_id_rubro|2|PK_t642
dbo|t642_co_rubro_fila_cuenta|f642_id_fila|3|PK_t642
dbo|t642_co_rubro_fila_cuenta|f642_rowid_auxiliar|4|PK_t642
dbo|t642_co_rubro_fila_cuenta|f642_id_plan|5|PK_t642
dbo|t642_co_rubro_fila_cuenta|f642_id_mayor|6|PK_t642
dbo|t642_co_rubro_fila_cuenta|f642_rowid_rubro_config|7|PK_t642
dbo|t650_ft_extracto|f650_id_nombre|1|PK_t650
dbo|t6501_ft_extracto_tc|f6501_id|1|PK_t6501
dbo|t651_ft_registros_extracto|f651_id_nombre|1|PK_t651
dbo|t651_ft_registros_extracto|f651_tipo_registro|2|PK_t651
dbo|t652_ft_extracto_plano|f652_rowid|1|PK_t652
dbo|t653_ft_extracto_log|f653_rowid|1|PK_t653
dbo|t654_co_diot|f654_id_cia|1|PK_t654
dbo|t654_co_diot|f654_id_periodo|2|PK_t654
dbo|t655_co_diot_movto|f655_rowid|1|PK_t655
dbo|t656_co_diot_movto_doctos|f656_rowid|1|PK_t656
dbo|t661_imp_tablas|f661_tipo_reg|1|PK_t661
dbo|t661_imp_tablas|f661_subtipo_reg|2|PK_t661
dbo|t661_imp_tablas|f661_version|3|PK_t661
dbo|t6611_imp_tablas_tipo_reg|f6611_tipo_reg|1|PK_t6611
dbo|t6611_imp_tablas_tipo_reg|f6611_subtipo_reg|2|PK_t6611
dbo|t6611_imp_tablas_tipo_reg|f6611_version|3|PK_t6611
dbo|t6611_imp_tablas_tipo_reg|f6611_tipo_reg_hijo|4|PK_t6611
dbo|t6611_imp_tablas_tipo_reg|f6611_subtipo_reg_hijo|5|PK_t6611
dbo|t6611_imp_tablas_tipo_reg|f6611_version_reg_hijo|6|PK_t6611
dbo|t662_imp_campos|f662_tipo_reg|1|PK_t662
dbo|t662_imp_campos|f662_subtipo_reg|2|PK_t662
dbo|t662_imp_campos|f662_version|3|PK_t662
dbo|t662_imp_campos|f662_campo|4|PK_t662
dbo|t663_imp_lote_docto|f663_rowid|1|PK_t663
dbo|t6631_imp_granula_control|f6631_id_clase_docto|1|PK_t6631
dbo|t6631_imp_granula_control|f6631_rowid_docto|2|PK_t6631
dbo|t664_imp_log_control|f664_rowid|1|PK_t664
dbo|t66401_imp_conexiones|f66401_rowid|1|PK_t66401
dbo|t66402_imp_tablas_asociaciones|f66402_tipo_reg|1|PK_t66402
dbo|t66402_imp_tablas_asociaciones|f66402_subtipo_reg|2|PK_t66402
dbo|t66402_imp_tablas_asociaciones|f66402_version|3|PK_t66402
dbo|t66402_imp_tablas_asociaciones|f66402_tipo_reg_hijo|4|PK_t66402
dbo|t66402_imp_tablas_asociaciones|f66402_subtipo_reg_hijo|5|PK_t66402
dbo|t66402_imp_tablas_asociaciones|f66402_version_hijo|6|PK_t66402
dbo|t66403_imp_equivalencias|f66403_rowid|1|PK_t66403
dbo|t66404_imp_det_equivalencias|f66404_rowid|1|PK_t66404
dbo|t66405_imp_conf_envios|f66405_rowid|1|PK_t66405
dbo|t66406_imp_interfaces_sql|f66406_rowid|1|PK_t66406
dbo|t66407_imp_det_interfaces_sql|f66407_rowid|1|PK_t66407
dbo|t66408_imp_param_interfaces|f66408_rowid|1|PK_t66408
dbo|t66409_imp_interfaces_enviar|f66409_rowid|1|PK_t66409
dbo|t66410_imp_permisos_perfiles|f66410_rowid|1|PK_t66410
dbo|t66411_imp_conf_integraciones|f66411_rowid|1|PK_t66411
dbo|t66412_imp_rangos|f66412_rowid|1|PK_t66412
dbo|t66413_imp_ran_integraciones|f66413_rowid|1|PK_t66413
dbo|t665_imp_log_detalle|f665_rowid|1|PK_t665
dbo|t667_imp_conector_control|f667_ts_proceso|1|PK_t667
dbo|t667_imp_conector_control|f667_id_cia|2|PK_t667
dbo|t667_imp_conector_control|f667_referencia|3|PK_t667
dbo|t668_imp_conector_detalle|f668_rowid|1|PK_t668
dbo|t670_ac_control_acum|f670_id|1|PK_t670
dbo|t671_ac_control_acum_cia|f671_id_cia|1|PK_t671
dbo|t671_ac_control_acum_cia|f671_id_control_acum|2|PK_t671
dbo|t672_ac_control_acum_periodo|f672_id_cia|1|PK_t672
dbo|t672_ac_control_acum_periodo|f672_id_control_acum|2|PK_t672
dbo|t672_ac_control_acum_periodo|f672_id_periodo|3|PK_t672
dbo|t680_in_biable|f680_id|1|PK_t680
dbo|t681_in_auxiliares_bi|f681_rowid|1|PK_t681
dbo|t682_in_ccostos_bi|f682_rowid|1|PK_t682
dbo|t683_in_fe_conceptos_bi|f683_rowid|1|PK_t683
dbo|t684_in_rubros_bi|f684_id_cia|1|PK_t684
dbo|t684_in_rubros_bi|f684_id_plan_rubro|2|PK_t684
dbo|t684_in_rubros_bi|f684_rowid_rubro|3|PK_t684
dbo|t685_in_analysis_services|f685_id_cia|1|PK_t685
dbo|t689_ws_config_web_services|f689_rowid|1|PK_t689
dbo|t690_ws_consultas|f690_id_proveedor|1|PK_t690
dbo|t690_ws_consultas|f690_id|2|PK_t690
dbo|t691_ws_usuario_consulta|f691_id_cia|1|PK_t691
dbo|t691_ws_usuario_consulta|f691_rowid_usuario|2|PK_t691
dbo|t691_ws_usuario_consulta|f691_id_proveedor|3|PK_t691
dbo|t691_ws_usuario_consulta|f691_id_consulta|4|PK_t691
dbo|t700_tx_movimiento|f700_rowid|1|PK_t700
dbo|t701_tx_inconsistencias|f701_rowid|1|PK_t701
dbo|t702_tx_doctos_existen|f702_rowid|1|PK_t702
dbo|t703_tx_log_importacion|f703_rowid|1|PK_t703
dbo|t710_tx_cia_parametros|f710_id_cia|1|PK_t710
dbo|t720_cm_log_importacion|f720_rowid|1|PK_t720
dbo|t721_cm_inconsistencias|f721_rowid|1|PK_t721
dbo|t730_wb_objetos|f730_id_interno|1|PK_t730
dbo|t731_consultas|f731_id|1|PK_t731
dbo|t735_dd_tablas|f735_nombre|1|PK_t735
dbo|t7351_dd_campos|f7351_nombre_tabla|1|PK_t7351
dbo|t7351_dd_campos|f7351_nombre|2|PK_t7351
dbo|t7352_dd_relaciones|f7352_nombre_relacion|1|PK_t7352
dbo|t7353_dd_relac_campos|f7353_nombre_relacion|1|PK_t7353
dbo|t7353_dd_relac_campos|f7353_nombre_tabla|2|PK_t7353
dbo|t7353_dd_relac_campos|f7353_nombre_campo|3|PK_t7353
dbo|t7353_dd_relac_campos|f7353_nombre_tabla_ref|4|PK_t7353
dbo|t7353_dd_relac_campos|f7353_nombre_campo_ref|5|PK_t7353
dbo|t736_gum_grupo_cias|f736_rowid|1|PK_t736
dbo|t7361_gum_grupo_det_cias|f7361_rowid_gum_grupo_cia|1|PK_t7361
dbo|t7361_gum_grupo_det_cias|f7361_id_cia|2|PK_t7361
dbo|t7362_gum_tablas|f7362_rowid_gum_grupo_cia|1|PK_t7362
dbo|t7362_gum_tablas|f7362_nombre_tabla|2|PK_t7362
dbo|t7363_gum_campos_conf|f7363_rowid_gum_grupo_cia|1|PK_t7363
dbo|t7363_gum_campos_conf|f7363_nombre_tabla|2|PK_t7363
dbo|t7363_gum_campos_conf|f7363_nombre_campo|3|PK_t7363
dbo|t739_mm_maestro_interno|f739_id|1|PK_t739
dbo|t740_mm_maestro|f740_rowid|1|PK_t740
dbo|t741_mm_maestro_detalle|f741_rowid|1|PK_t741
dbo|t742_mm_entidad|f742_rowid|1|PK_t742
dbo|t743_mm_entidad_atributo|f743_rowid|1|PK_t743
dbo|t744_mm_grupo_entidad|f744_rowid|1|PK_t744
dbo|t745_mm_grupo_entidad_relacion|f745_rowid|1|PK_t745
dbo|t746_mm_tipo_entidad|f746_id|1|PK_t746
dbo|t747_mm_grupo_entidad_tipo|f747_rowid|1|PK_t747
dbo|t750_mm_movto_entidad|f750_rowid|1|PK_t750
dbo|t751_mm_movto_entidad_attach|f751_rowid|1|PK_t751
dbo|t752_mm_movto_entidad_fila|f752_rowid|1|PK_t752
dbo|t753_mm_movto_entidad_columna|f753_rowid|1|PK_t753
dbo|t754_mm_movto_entidad_colum_cc|f754_rowid_movto_entidad_col|1|PK_t754
dbo|t755_mm_ent_categoria_imp|f755_id|1|PK_t755
dbo|t756_mm_ent_mae_imp|f756_id_categoria|1|PK_t756
dbo|t756_mm_ent_mae_imp|f756_id_tipo|2|PK_t756
dbo|t756_mm_ent_mae_imp|f756_id|3|PK_t756
dbo|t757_mm_ent_dep_imp|f757_id_categoria|1|PK_t757
dbo|t757_mm_ent_dep_imp|f757_id_entidad|2|PK_t757
dbo|t757_mm_ent_dep_imp|f757_id_maestro|3|PK_t757
dbo|t75801_a_rutas_aprobacion|f75801_rowid|1|PK_t75801
dbo|t75802_a_rutas_aprob_co|f75802_rowid|1|PK_t75802
dbo|t75803_a_rutas_aprob_tipdoc|f75803_rowid|1|PK_t75803
dbo|t75804_a_rutas_lineas_aprob|f75804_rowid|1|PK_t75804
dbo|t75805_a_lineas_funcionarios|f75805_rowid|1|PK_t75805
dbo|t75850_a_movto_ruta_aprob|f75850_rowid|1|PK_t75850
dbo|t75851_a_movto_funcionarios|f75851_rowid|1|PK_t75851
dbo|t75852_a_movto_rechazos|f75852_rowid|1|PK_t75852
dbo|t75901_s_rutas_seguimiento|f75901_rowid|1|PK_t75901
dbo|t75902_s_actividades_genericas|f75902_rowid|1|PK_t75902
dbo|t75903_s_equipos_seguimiento|f75903_rowid|1|PK_t75903
dbo|t75904_s_equipo_funcionarios|f75904_rowid|1|PK_t75904
dbo|t75905_s_acciones_seguimiento|f75905_id|1|PK_t75905
dbo|t75906_s_ruta_actividades_seg|f75906_rowid|1|PK_t75906
dbo|t75907_s_actividad_prereq|f75907_rowid_ruta_actividad|1|PK_t75907
dbo|t75907_s_actividad_prereq|f75907_rowid_ruta_activ_pre|2|PK_t75907
dbo|t75908_s_entidad_actividad|f75908_rowid_ruta|1|PK_t75908
dbo|t75908_s_entidad_actividad|f75908_rowid_entidad|2|PK_t75908
dbo|t75909_s_actividad_acciones|f75909_rowid|1|PK_t75909
dbo|t75910_s_acciones_grupo_clase|f75910_id_grupo_clase_docto|1|PK_t75910
dbo|t75910_s_acciones_grupo_clase|f75910_id_accion|2|PK_t75910
dbo|t75911_s_equipo_func_balanceo|f75911_rowid_equipo|1|PK_t75911
dbo|t75911_s_equipo_func_balanceo|f75911_id_grupo_clase_docto|2|PK_t75911
dbo|t75912_s_actividades_clases|f75912_rowid_actividad_gen|1|PK_t75912
dbo|t75912_s_actividades_clases|f75912_id_clase_docto|2|PK_t75912
dbo|t75950_s_movto_ruta|f75950_rowid|1|PK_t75950
dbo|t75951_s_movto_linea_seg|f75951_rowid|1|PK_t75951
dbo|t75952_s_movto_actividades|f75952_rowid|1|PK_t75952
dbo|t75953_s_movto_prerrequisitos|f75953_rowid_movto_actividad|1|PK_t75953
dbo|t75953_s_movto_prerrequisitos|f75953_rowid_movto_activ_pre|2|PK_t75953
dbo|t75954_s_movto_entidad_activ|f75954_rowid_movto_linea_seg|1|PK_t75954
dbo|t75954_s_movto_entidad_activ|f75954_rowid_entidad|2|PK_t75954
dbo|t75955_s_movto_acciones|f75955_rowid|1|PK_t75955
dbo|t75956_s_movto_bitacora|f75956_rowid|1|PK_t75956
dbo|t75957_s_contador_funcionario|f75957_id_cia|1|PK_t75957
dbo|t75957_s_contador_funcionario|f75957_ind_tipo|2|PK_t75957
dbo|t75957_s_contador_funcionario|f75957_id_funcionario|3|PK_t75957
dbo|t75957_s_contador_funcionario|f75957_id_grupo_clase_docto|4|PK_t75957
dbo|t75958_s_asignacion_plantilla|f75958_rowid|1|PK_t75958
dbo|t75959_s_asignacion_ruta|f75959_rowid|1|PK_t75959
dbo|t7600_cc_competencias|f7600_rowid|1|PK_t7600
dbo|t7605_cc_perfiles_inspeccion|f7605_rowid|1|PK_t7605
dbo|t7606_cc_perfiles_inspec_comp|f7606_rowid_perfil|1|PK_t7606
dbo|t7606_cc_perfiles_inspec_comp|f7606_rowid_competencia|2|PK_t7606
dbo|t7607_cc_empleado_comp|f7607_id_cia|1|PK_t7607
dbo|t7607_cc_empleado_comp|f7607_id_empleado|2|PK_t7607
dbo|t7607_cc_empleado_comp|f7607_rowid_competencia|3|PK_t7607
dbo|t7608_cc_empleado_comp_movto|f7608_rowid|1|PK_t7608
dbo|t7609_cc_codigo_muestra|f7609_id_cia|1|PK_t7609
dbo|t7609_cc_codigo_muestra|f7609_id|2|PK_t7609
dbo|t7610_cc_nivel_insp_prov|f7610_id_cia|1|PK_t7610
dbo|t7610_cc_nivel_insp_prov|f7610_id|2|PK_t7610
dbo|t7611_cc_aql|f7611_id_cia|1|PK_t7611
dbo|t7611_cc_aql|f7611_id|2|PK_t7611
dbo|t7612_cc_muestra_lote|f7612_id_cia|1|PK_t7612
dbo|t7612_cc_muestra_lote|f7612_id_nivel_inspeccion|2|PK_t7612
dbo|t7612_cc_muestra_lote|f7612_cantidad_max|3|PK_t7612
dbo|t7613_cc_tabla_maestra_insp|f7613_rowid|1|PK_t7613
dbo|t7614_cc_clasificacion_prov|f7614_rowid|1|PK_t7614
dbo|t7615_cc_ruta_calidad|f7615_rowid|1|PK_t7615
dbo|t7616_cc_ruta_calidad_sec|f7616_rowid|1|PK_t7616
dbo|t7617_cc_items_instal_calidad|f7617_rowid|1|PK_t7617
dbo|t7618_cc_motivos_rechazo|f7618_rowid|1|PK_t7618
dbo|t7619_cc_clasificacion_calidad|f7619_id_cia|1|PK_t7619
dbo|t7619_cc_clasificacion_calidad|f7619_id|2|PK_t7619
dbo|t7620_cc_clase_solicitud|f7620_rowid|1|PK_t7620
dbo|t7621_cc_clase_solicitud_cpto|f7621_id_cia|1|PK_t7621
dbo|t7621_cc_clase_solicitud_cpto|f7621_id_clasificacion_calidad|2|PK_t7621
dbo|t7621_cc_clase_solicitud_cpto|f7621_rowid_clase_solicitud|3|PK_t7621
dbo|t7621_cc_clase_solicitud_cpto|f7621_id_concepto|4|PK_t7621
dbo|t7621_cc_clase_solicitud_cpto|f7621_rowid_bodega|5|PK_t7621
dbo|t7630_cc_solicitud_inspeccion|f7630_rowid|1|PK_t7630
dbo|t7631_cc_solicitud_insp_movto|f7631_rowid|1|PK_t7631
dbo|t7632_cc_solicitud_insp_cant|f7632_rowid|1|PK_t7632
dbo|t7633_cc_solicitud_insp_serial|f7633_rowid_solicitud|1|PK_t7633
dbo|t7633_cc_solicitud_insp_serial|f7633_rowid_serial|2|PK_t7633
dbo|t770_cr_tipos_cartera|f770_id_cia|1|PK_t770
dbo|t770_cr_tipos_cartera|f770_id|2|PK_t770
dbo|t771_cr_tipos_cartera_auxiliar|f771_id_cia|1|PK_t771
dbo|t771_cr_tipos_cartera_auxiliar|f771_id_tipo_cartera|2|PK_t771
dbo|t771_cr_tipos_cartera_auxiliar|f771_rowid_auxiliar|3|PK_t771
dbo|t772_cr_clientes|f772_rowid|1|PK_t772
dbo|t776_cr_control|f776_rowid|1|PK_t776
dbo|t777_cr_movto_general|f777_rowid|1|PK_t777
dbo|t778_cr_movto_datacredito|f778_rowid_movto|1|PK_t778
dbo|t779_cr_movto_cifin|f779_rowid_movto|1|PK_t779
dbo|t780_cr_docto_si|f780_id_cia|1|PK_t780
dbo|t780_cr_docto_si|f780_rowid_auxiliar|2|PK_t780
dbo|t780_cr_docto_si|f780_id_co|3|PK_t780
dbo|t780_cr_docto_si|f780_id_un|4|PK_t780
dbo|t780_cr_docto_si|f780_rowid_tercero|5|PK_t780
dbo|t780_cr_docto_si|f780_id_sucursal_cli|6|PK_t780
dbo|t780_cr_docto_si|f780_id_tipo_docto|7|PK_t780
dbo|t780_cr_docto_si|f780_consec_docto|8|PK_t780
dbo|t790_te_plantillas|f790_rowid|1|PK_t790
dbo|t791_te_cptos|f791_rowid|1|PK_t791
dbo|t792_te_plantillas_cptos|f792_rowid_plantilla|1|PK_t792
dbo|t792_te_plantillas_cptos|f792_rowid_cpto|2|PK_t792
dbo|t793_te_plantillas_cptos_sa|f793_rowid_plantilla|1|PK_t793
dbo|t793_te_plantillas_cptos_sa|f793_rowid_cpto_sa|2|PK_t793
dbo|t796_te_plantillas_movto|f796_rowid|1|PK_t796
dbo|t797_pers_carco_porc_fecha|f797_id_cia|1|PK_t797
dbo|t797_pers_carco_porc_fecha|f797_id_fecha|2|PK_t797
dbo|t801_mf_metodos|f801_id_cia|1|PK_t801
dbo|t801_mf_metodos|f801_id|2|PK_t801
dbo|t802_mf_tipos_tarifas|f802_id_cia|1|PK_t802
dbo|t802_mf_tipos_tarifas|f802_id|2|PK_t802
dbo|t803_mf_grupos_costos|f803_id_cia|1|PK_t803
dbo|t803_mf_grupos_costos|f803_id|2|PK_t803
dbo|t804_mf_segmentos_costos|f804_id_cia|1|PK_t804
dbo|t804_mf_segmentos_costos|f804_id|2|PK_t804
dbo|t806_mf_centros_trabajo|f806_rowid|1|PK_t806
dbo|t807_mf_maquinas|f807_rowid|1|PK_t807
dbo|t808_mf_rutas|f808_rowid|1|PK_t808
dbo|t809_mf_rutas_operacion|f809_rowid|1|PK_t809
dbo|t810_mf_rutas_operacion_instru|f810_id_cia|1|PK_t810
dbo|t810_mf_rutas_operacion_instru|f810_rowid_ruta_oper|2|PK_t810
dbo|t810_mf_rutas_operacion_instru|f810_rowid_campo|3|PK_t810
dbo|t811_mf_rutas_operacion_piezas|f811_rowid|1|PK_t811
dbo|t813_mf_centro_trabajo_sustit|f813_rowid_ctrabajo|1|PK_t813
dbo|t813_mf_centro_trabajo_sustit|f813_rowid_ctrabajo_sustituto|2|PK_t813
dbo|t814_mf_categoria_laboral|f814_rowid|1|PK_t814
dbo|t815_mf_empleados|f815_id_cia|1|PK_t815
dbo|t815_mf_empleados|f815_id|2|PK_t815
dbo|t816_mf_labores|f816_rowid|1|PK_t816
dbo|t817_mf_tarifas|f817_rowid|1|PK_t817
dbo|t818_mf_piezas|f818_rowid|1|PK_t818
dbo|t820_mf_lista_material|f820_rowid|1|PK_t820
dbo|t821_mf_bodegas_entregas|f821_rowid_bodega_entrega|1|PK_t821
dbo|t821_mf_bodegas_entregas|f821_rowid_bodega_equivalente|2|PK_t821
dbo|t822_mf_tabla_muestreo|f822_rowid|1|PK_t822
dbo|t823_mf_tabla_muestra_rangos|f823_rowid_tabla|1|PK_t823
dbo|t823_mf_tabla_muestra_rangos|f823_rango_final|2|PK_t823
dbo|t830_mf_periodos_mrp|f830_id_cia|1|PK_t830
dbo|t830_mf_periodos_mrp|f830_id|2|PK_t830
dbo|t831_mf_periodos_mrp_dias|f831_id_cia|1|PK_t831
dbo|t831_mf_periodos_mrp_dias|f831_id|2|PK_t831
dbo|t831_mf_periodos_mrp_dias|f831_numero_periodo|3|PK_t831
dbo|t833_mf_material_requerido|f833_rowid|1|PK_t833
dbo|t834_mf_ordenes_planeadas|f834_rowid|1|PK_t834
dbo|t835_mf_cal_planta|f835_rowid|1|PK_t835
dbo|t836_mf_cal_planta_fecha|f836_rowid_cal_planta|1|PK_t836
dbo|t836_mf_cal_planta_fecha|f836_fecha|2|PK_t836
dbo|t837_mf_lista_recursos|f837_rowid|1|PK_t837_mf_lista_recursos
dbo|t838_mf_capacidad_aprox|f838_id_cia|1|PK_t838
dbo|t838_mf_capacidad_aprox|f838_id_instalacion|2|PK_t838
dbo|t838_mf_capacidad_aprox|f838_rowid_ctrabajo|3|PK_t838
dbo|t838_mf_capacidad_aprox|f838_fecha_carga|4|PK_t838
dbo|t838_mf_capacidad_aprox|f838_rowid_orden_planeada|5|PK_t838
dbo|t839_mf_capacidad_detallada|f839_rowid|1|PK_t839
dbo|t840_mf_material_req_gruesa|f840_rowid|1|PK_t840
dbo|t841_mf_orden_planeada_gruesa|f841_rowid|1|PK_t841
dbo|t847_mf_causal_incons_posd|f847_id_cia|1|PK_t847
dbo|t847_mf_causal_incons_posd|f847_id|2|PK_t847
dbo|t848_mf_motivos_tep|f848_id_cia|1|PK_t848
dbo|t848_mf_motivos_tep|f848_id|2|PK_t848
dbo|t849_mf_clase_op|f849_id_cia|1|PK_t849
dbo|t849_mf_clase_op|f849_id|2|PK_t849
dbo|t850_mf_op_docto|f850_rowid|1|PK_t850
dbo|t851_mf_op_docto_item|f851_rowid|1|PK_t851
dbo|t853_mf_op_docto_item_otros|f853_rowid|1|PK_t853_1
dbo|t855_mf_op_costos|f855_rowid|1|PK_t855
dbo|t856_mf_op_costos_variacion|f856_rowid|1|PK_t856
dbo|t860_mf_op_componentes|f860_rowid|1|PK_t860
dbo|t861_mf_op_componentes_costos|f861_rowid|1|PK_t861
dbo|t865_mf_op_operaciones|f865_rowid|1|PK_t865
dbo|t866_mf_op_operaciones_instruc|f866_rowid_op_operaciones|1|PK_t866
dbo|t866_mf_op_operaciones_instruc|f866_rowid_campo|2|PK_t866
dbo|t867_mf_op_operaciones_costos|f867_rowid_op_operacion|1|PK_t867
dbo|t867_mf_op_operaciones_costos|f867_id_segmento_costo|2|PK_t867
dbo|t868_mf_operaciones_tarifas|f868_rowid_op_operacion|1|PK_t868
dbo|t868_mf_operaciones_tarifas|f868_nro_tarifa|2|PK_t868
dbo|t869_mf_op_saldo_inicial|f869_rowid|1|PK_t869
dbo|t880_mf_movto_tep|f880_rowid|1|PK_t880
dbo|t881_mf_movto_tep_costo|f881_rowid|1|PK_t881
dbo|t882_mf_movto_tep_tarifas|f882_rowid|1|PK_t882
dbo|t885_mf_fallas_tipos|f885_rowid|1|PK_t885
dbo|t886_mf_fallas_origenes|f886_rowid|1|PK_t886
dbo|t887_mf_fallas_clases|f887_rowid|1|PK_t887
dbo|t888_mf_fallas_movto|f888_rowid|1|PK_t888
dbo|t889_mf_grupos_fallas|f889_rowid|1|PK_t889
dbo|t890_mf_grupos_fallas_orig|f890_rowid|1|PK_t890
dbo|t895_mf_simulacion_docto|f895_rowid|1|PK_t895
dbo|t896_mf_simulacion_movto|f896_rowid|1|PK_t896
dbo|t897_mf_movto_incons_posd|f897_rowid|1|PK_t897
dbo|t898_mf_movto_incons_rel|f898_rowid|1|PK_t898
dbo|t899_mf_log_procesos|f899_rowid|1|PK_t899
dbo|t9000_cm_resumen_movtos|f9000_id_cia|1|PK_T9000
dbo|t9000_cm_resumen_movtos|f9000_id_periodo|2|PK_T9000
dbo|t9000_cm_resumen_movtos|f9000_rowid_item_ext|3|PK_T9000
dbo|t9000_cm_resumen_movtos|f9000_rowid_bodega|4|PK_T9000
dbo|t9000_cm_resumen_movtos|f9000_id_concepto|5|PK_T9000
dbo|t9000_cm_resumen_movtos|f9000_id_motivo|6|PK_T9000
dbo|t9001_cm_ventas|f9001_id_cia|1|PK_T9001
dbo|t9001_cm_ventas|f9001_id_periodo|2|PK_T9001
dbo|t9001_cm_ventas|f9001_rowid_item_ext|3|PK_T9001
dbo|t9001_cm_ventas|f9001_rowid_bodega|4|PK_T9001
dbo|t9001_cm_ventas|f9001_rowid_tercero|5|PK_T9001
dbo|t9001_cm_ventas|f9001_id_sucursal_cliente|6|PK_T9001
dbo|t9005_co_saldo_abierto|f9005_rowid|1|PK_T9005
dbo|t9005_co_saldo_abierto|f9005_id_periodo|2|PK_T9005
dbo|t9010_lenguajes|f9010_ind_lenguaje|1|PK_t9010
dbo|t9010_lenguajes|f9010_palabra_origen|2|PK_t9010
dbo|t9011_mc_tipo_semana|f9011_id_cia|1|PK_t9011
dbo|t9011_mc_tipo_semana|f9011_id_tipo_semana|2|PK_t9011
dbo|t9012_mc_semana|f9012_id_cia|1|PK_t9012
dbo|t9012_mc_semana|f9012_ano|2|PK_t9012
dbo|t9012_mc_semana|f9012_numero_semana|3|PK_t9012
dbo|t9013_mc_semana_base|f9013_id_cia|1|PK_t9013
dbo|t9013_mc_semana_base|f9013_id_tipo_semana|2|PK_t9013
dbo|t9013_mc_semana_base|f9013_ano|3|PK_t9013
dbo|t9013_mc_semana_base|f9013_numero_semana|4|PK_t9013
dbo|t9013_mc_semana_base|f9013_ano_base|5|PK_t9013
dbo|t9013_mc_semana_base|f9013_numero_semana_base|6|PK_t9013
dbo|t9014_mc_incentivos_proveedor|f9014_rowid|1|PK_t9014
dbo|t9015_mc_incentivos_prov_item|f9015_rowid_incentivo|1|PK_t9015
dbo|t9015_mc_incentivos_prov_item|f9015_rowid_item_ext|2|PK_t9015
dbo|t9016_pers_fan_comp_integra|f9016_rowid|1|PK_t9016
dbo|t9017_pers_fan_empadronar|f9017_rowid|1|PK_t9017
dbo|t9018_pers_cont_transferir_pv|f9018_id_cia|1|PK_t9018
dbo|t9018_pers_cont_transferir_pv|f9018_id_co|2|PK_t9018
dbo|t9018_pers_cont_transferir_pv|f9018_id_tipo_inv|3|PK_t9018
dbo|t9019_pers_tropi_rutas_fletes|f9019_id_cia|1|PK_t9019
dbo|t9019_pers_tropi_rutas_fletes|f9019_codigo_flete|2|PK_t9019
dbo|t9020_pers_restriccion_bodega|f9020_id_cia|1|PK_t9020
dbo|t9020_pers_restriccion_bodega|f9020_id_clase_docto|2|PK_t9020
dbo|t9020_pers_restriccion_bodega|f9020_rowid_bodega|3|PK_t9020
dbo|t9021_pers_corpo_mcia_consig|f9021_rowid|1|PK_t9021
dbo|t9022_mm_convenios|f9022_rowid|1|PK_t9022
dbo|t9023_mm_convenios_co|f9023_rowid|1|PK_t9023
dbo|t9024_pers_mpi_tanques|f9024_rowid|1|PK_t9024
dbo|t9025_pers_mpi_inv_tanque|f9025_rowid|1|PK_t9025
dbo|t9028_mc_incentivos_escala|f9028_rowid_incentivo|1|PK_t9028
dbo|t9028_mc_incentivos_escala|f9028_consecutivo|2|PK_t9028
dbo|t9029_mc_incentivos_rangos|f9029_rowid_incentivos|1|PK_t9029
dbo|t9029_mc_incentivos_rangos|f9029_consecutivo|2|PK_t9029
dbo|t9030_pers_rh_incen_ccosto|f9030_rowid|1|PK_t9030
dbo|t9031_pers_rh_incen_cc_base|f9031_rowid|1|PK_t9031
dbo|t9032_pers_rh_incen_cc_grupo|f9032_rowid|1|PK_t9032
dbo|t9033_pers_rh_incen_empleado|f9033_rowid|1|PK_t9033
dbo|t9035_pers_eka_log_compro_parc|f9035_rowid|1|PK_t9035
dbo|t9036_pers_bios_dist_inv|f9036_rowid|1|PK_t9036
dbo|t910_desconexion_log|f910_rowid|1|PK_t910
dbo|t9101_desconexion_log_fases|f9101_rowid|1|PK_t9101
dbo|t911_desconexion_t470|f470_rowid|1|PK_t911
dbo|t9111_desconexion_t9921|f9921_guid|1|PK_t9111
dbo|t9112_desconexion_t9930|f9930_guid|1|PK_t9112
dbo|t9113_desconexion_t9931|f9931_guid_movto|1|PK_t9113
dbo|t9113_desconexion_t9931|f9931_orden|2|PK_t9113
dbo|t9113_desconexion_t9931|f9931_ind_tipo_dscto|3|PK_t9113
dbo|t9114_desconexion_t9932|f9932_guid_movto|1|PK_t9114
dbo|t9114_desconexion_t9932|f9932_id_llave_impuesto|2|PK_t9114
dbo|t9115_desconexion_t9933|f9933_guid|1|PK_t9115
dbo|t9116_desconexion_t9934|f9934_guid_movto|1|PK_t9116
dbo|t9117_desconexion_t9952|f9952_guid|1|PK_t9117
dbo|t9118_desconexion_t9953|f9953_guid|1|PK_t9118
dbo|t912_desconexion_t369|f369_rowid|1|PK_t912
dbo|t913_desconexion_t351|f351_rowid|1|PK_t913
dbo|t914_desconexion_t3511|f3511_rowid_mov_docto|1|PK_t914
dbo|t915_desconexion_t471|f471_rowid_movto_inv|1|PK_t915
dbo|t915_desconexion_t471|f471_orden|2|PK_t915
dbo|t915_desconexion_t471|f471_ind_tipo_dscto|3|PK_t915
dbo|t916_desconexion_t472|f472_rowid_movto_inv|1|PK_t916
dbo|t916_desconexion_t472|f472_id_llave_impuesto|2|PK_t916
dbo|t917_desconexion_t476|f476_rowid_movto|1|PK_t917
dbo|t917_desconexion_t476|f476_id_grupo_costo|2|PK_t917
dbo|t917_desconexion_t476|f476_id_segmento_costo|3|PK_t917
dbo|t917_desconexion_t476|f476_id_segmento_costo_origen|4|PK_t917
dbo|t921_vh_criterios_planes|f921_id|1|PK_t921
dbo|t922_vh_criterios_mayores|f922_id_plan|1|PK_t922_vh_criterios_mayores
dbo|t922_vh_criterios_mayores|f922_id|2|PK_t922_vh_criterios_mayores
dbo|t923_vh_modelos|f923_id|1|PK_t923
dbo|t924_vh_tipos_ident|f924_id|1|PK_t924
dbo|t925_vh_propietarios|f925_rowid|1|PK_t925
dbo|t926_vh_vehiculos|f926_rowid|1|PK_t926
dbo|t927_vh_vehiculos_criterios|f927_rowid_vehiculo|1|PK_t927
dbo|t927_vh_vehiculos_criterios|f927_id_plan|2|PK_t927
dbo|t927_vh_vehiculos_criterios|f927_id_mayor|3|PK_t927
dbo|t928_vh_modelos_criterios|f928_id_modelo|1|PK_t928
dbo|t928_vh_modelos_criterios|f928_id_plan|2|PK_t928
dbo|t928_vh_modelos_criterios|f928_id_mayor|3|PK_t928
dbo|t929_vh_accesorios|f929_id|1|PK_t929
dbo|t930_vh_vehiculos_accesorios|f930_rowid_vehiculo|1|PK_t930
dbo|t930_vh_vehiculos_accesorios|f930_id_accesorio|2|PK_t930
dbo|t931_vh_modelos_accesorios|f931_id_modelo|1|PK_t931
dbo|t931_vh_modelos_accesorios|f931_id_accesorio|2|PK_t931
dbo|t932_vh_tipos_vh|f932_id|1|PK_t932
dbo|t933_vh_clases_ot|f933_id_cia|1|PK_t933
dbo|t933_vh_clases_ot|f933_id|2|PK_t933
dbo|t934_vh_temparios|f934_rowid|1|PK_t934
dbo|t935_vh_centros_trabajo|f935_rowid|1|PK_t935
dbo|t936_vh_ot_desc_tecnicas|f936_rowid_ot|1|PK_t936
dbo|t936_vh_ot_desc_tecnicas|f936_rowid_campo|2|PK_t936
dbo|t937_vh_vehiculos_propietarios|f937_rowid_vehiculo|1|PK_t937
dbo|t937_vh_vehiculos_propietarios|f937_fecha|2|PK_t937
dbo|t937_vh_vehiculos_propietarios|f937_rowid_propietario|3|PK_t937
dbo|t938_vh_tarifas|f938_rowid|1|PK_t938
dbo|t940_vh_ot|f940_rowid|1|PK_t940
dbo|t941_vh_ot_responsables|f941_rowid|1|PK_t941
dbo|t942_vh_ot_facturas|f942_rowid_ot_responsable|1|PK_t942
dbo|t942_vh_ot_facturas|f942_rowid_factura|2|PK_t942
dbo|t960_vh_docto_cargue_ot|f960_rowid_docto|1|PK_t960
dbo|t961_vh_movto_invent_ot|f961_rowid_movto_inv|1|PK_t961
dbo|t9611_vh_movto_invent_rev|f9611_rowid_movto_inv|1|PK_t9611
dbo|t9611_vh_movto_invent_rev|f9611_rowid_nota|2|PK_t9611
dbo|t962_vh_movto_invent_ot_opera|f962_rowid|1|PK_t962
dbo|t963_vh_movto_cargue_ot|f963_rowid_movto_inv|1|PK_t963
dbo|t963_vh_movto_cargue_ot|f963_rowid_ot_responsable|2|PK_t963
dbo|t9631_vh_mov_cargue_rev|f9631_rowid_movto_inv|1|PK_t9631
dbo|t9631_vh_mov_cargue_rev|f9631_rowid_ot_responsable|2|PK_t9631
dbo|t9631_vh_mov_cargue_rev|f9631_rowid_nota|3|PK_t9631
dbo|t9631_vh_mov_cargue_rev|f9631_rowid_docto_factura|4|PK_t9631
dbo|t964_vh_movto_cargue_ot_dscto|f964_rowid_movto_inv|1|PK_t964
dbo|t964_vh_movto_cargue_ot_dscto|f964_rowid_ot_responsable|2|PK_t964
dbo|t964_vh_movto_cargue_ot_dscto|f964_orden|3|PK_t964
dbo|t964_vh_movto_cargue_ot_dscto|f964_ind_tipo_dscto|4|PK_t964
dbo|t9641_vh_mov_cargue_dsc_rev|f9641_rowid_movto_inv|1|PK_t9641
dbo|t9641_vh_mov_cargue_dsc_rev|f9641_rowid_ot_responsable|2|PK_t9641
dbo|t9641_vh_mov_cargue_dsc_rev|f9641_orden|3|PK_t9641
dbo|t9641_vh_mov_cargue_dsc_rev|f9641_ind_tipo_dscto|4|PK_t9641
dbo|t9641_vh_mov_cargue_dsc_rev|f9641_rowid_nota|5|PK_t9641
dbo|t965_vh_movto_cargue_ot_imp|f965_rowid_movto_inv|1|PK_t965
dbo|t965_vh_movto_cargue_ot_imp|f965_rowid_ot_responsable|2|PK_t965
dbo|t965_vh_movto_cargue_ot_imp|f965_id_llave_impuesto|3|PK_t965
dbo|t9651_vh_mov_cargue_imp_rev|f9651_rowid_movto_inv|1|PK_t9651
dbo|t9651_vh_mov_cargue_imp_rev|f9651_rowid_ot_responsable|2|PK_t9651
dbo|t9651_vh_mov_cargue_imp_rev|f9651_id_llave_impuesto|3|PK_t9651
dbo|t9651_vh_mov_cargue_imp_rev|f9651_rowid_nota|4|PK_t9651
dbo|t9670_pdv_cupones|f9670_rowid|1|PK_t9670
dbo|t9671_pdv_cupones_co|f9671_rowid_cupon|1|PK_t9671
dbo|t9671_pdv_cupones_co|f9671_id_co|2|PK_t9671
dbo|t9672_pdv_cupones_mpago|f9672_rowid_cupon|1|PK_t9672
dbo|t9672_pdv_cupones_mpago|f9772_id_medio_pago|2|PK_t9672
dbo|t9673_pdv_cupones_asignados|f9673_rowid_cupon|1|PK_t9673
dbo|t9673_pdv_cupones_asignados|f9673_nro_cupon|2|PK_t9673
dbo|t9675_pdv_cmda_app_parameters|f9675_id|1|PK_t9675
dbo|t9676_pdv_cmda_commandhistory|f9676_id|1|PK_t9676
dbo|t9677_pdv_cmda_appinfo|f9677_id|1|PK_t9677
dbo|t9678_pdv_cmda_autopedido|f9678_id|1|PK_t9678
dbo|t9679_pdv_cmda_HistorialPagos|f9679_rowid|1|PK_t9679
dbo|t9680_pdv_centro_preparacion|f9680_rowid|1|PK_t9680
dbo|t9681_pdv_centro_prep_filtro|f9681_rowid|1|PK_t9681
dbo|t9682_pdv_punto_preparacion|f9682_rowid|1|PK_t9682
dbo|t9683_pdv_punto_prep_program|f9683_rowid_punto_prep|1|PK_t9683
dbo|t9683_pdv_punto_prep_program|f9683_id_fecha|2|PK_t9683
dbo|t9684_pdv_ruta_preparacion|f9684_rowid|1|PK_t9684
dbo|t9685_pdv_dispositivo|f9685_id_cia|1|PK_t9685
dbo|t9685_pdv_dispositivo|f9685_id|2|PK_t9685
dbo|t9686_pdv_estados_domicilio|f9686_rowid|1|PK_t9686
dbo|t9687_pdv_estados_domiciliario|f9687_id_cia|1|PK_t9687
dbo|t9687_pdv_estados_domiciliario|f9687_id_domiciliario|2|PK_t9687
dbo|t9688_pdv_motivos_domiciliario|f9688_id_cia|1|PK_t9688
dbo|t9688_pdv_motivos_domiciliario|f9688_id_motivo|2|PK_t9688
dbo|t9691_pdv_mesas|f9691_rowid|1|PK_t9691
dbo|t9692_pdv_salones|f9692_rowid|1|PK_t9692
dbo|t9693_pdv_salon_mesas|f9693_rowid|1|PK_t9693
dbo|t9694_pdv_grupo_salones|f9694_rowid|1|PK_t9694
dbo|t9695_pdv_grupo_salon_rel|f9695_rowid|1|PK_t9695
dbo|t9696_pdv_decoracion|f9696_rowid|1|PK_t9696
dbo|t9697_pdv_salon_decoracion|f9697_rowid|1|PK_t9697
dbo|t9700_pdv_funciones|f9700_id|1|PK_t9700
dbo|t9701_pdv_clase_docto_funcion|f9701_id_clase_docto|1|PK_t9701
dbo|t9701_pdv_clase_docto_funcion|f9701_id_funcion|2|PK_t9701
dbo|t9702_pdv_grupo_tablas_sinc|f9702_id|1|PK_t9702
dbo|t9703_pdv_tablas_sinc|f9703_id|1|PK_t9703
dbo|t9704_pdv_tablas_sinc_ver_log|f9704_rowid|1|PK_t9704
dbo|t9705_pdv_cia_fiel_g|f9705_id|1|PK_t9705_pdv_cia_fiel_g
dbo|t9706_items_en_fisico|f9706_rowid|1|PK_t9706
dbo|t9707_pdv_item_contadores|f9707_rowid_item_ext|1|PK_t9707
dbo|t9707_pdv_item_contadores|f9707_id_unidad_medida|2|PK_t9707
dbo|t9707_pdv_item_contadores|f9707_id_co|3|PK_t9707
dbo|t9708_pdv_servicios_publicos|f9708_rowid_item_ext|1|PK_t9708
dbo|t9708_pdv_servicios_publicos|f9708_referencia|2|PK_t9708
dbo|t9709_pdv_aut_cheques|f9709_rowid|1|PK_t9709
dbo|t9710_pdv_clase_tpv|f9710_rowid|1|PK_t9710
dbo|t97101_pdv_clase_tpv_func|f97101_rowid|1|PK_t97101
dbo|t9711_pdv_clase_tpv_docto|f9711_rowid|1|PK_t9711
dbo|t97111_pdv_clase_tpv_tipo_ent|f97111_rowid_clase_tpv_docto|1|PK_t97111
dbo|t97111_pdv_clase_tpv_tipo_ent|f97111_rowid_tipo_entrega|2|PK_t97111
dbo|t97112_pdv_clase_tpv_mpago|f97112_rowid_clase_tpv_docto|1|PK_t97112
dbo|t97112_pdv_clase_tpv_mpago|f97112_id_medio_pago|2|PK_t97112
dbo|t97113_pdv_clase_tpv_pro_fiel|f97113_rowid_clase_tpv_docto|1|PK_t97113
dbo|t97113_pdv_clase_tpv_pro_fiel|f97113_rowid_provee_fiel|2|PK_t97113
dbo|t97114_pdv_clase_tpv_pro_rsv|f97114_rowid_clase_tpv_docto|1|PK_t97114
dbo|t97114_pdv_clase_tpv_pro_rsv|f97114_rowid_provee_reserva|2|PK_t97114
dbo|t9712_pdv_clase_tpv_funcion|f9712_rowid_clase_tpv_docto|1|PK_t9712
dbo|t9712_pdv_clase_tpv_funcion|f9712_id_funcion|2|PK_t9712
dbo|t9713_pdv_clase_tpv_mpago|f9713_rowid_clase_tpv|1|PK_t9713
dbo|t9713_pdv_clase_tpv_mpago|f9713_id|2|PK_t9713
dbo|t97131_pdv_clase_tpv_bono|f97131_rowid_clase_tpv|1|PK_t97131
dbo|t97131_pdv_clase_tpv_bono|f97131_id_mpago|2|PK_t97131
dbo|t97131_pdv_clase_tpv_bono|f97131_id_bono|3|PK_t97131
dbo|t9714_pdv_clase_tpv_tipo_tarj|f9714_rowid_clase_tpv_docto|1|PK_t9714
dbo|t9714_pdv_clase_tpv_tipo_tarj|f9714_id_tipo_tarjeta_fiel|2|PK_t9714
dbo|t9715_pdv_clase_tpv_gpo_flia|f9715_rowid_clase_tpv_docto|1|PK_t9715
dbo|t9715_pdv_clase_tpv_gpo_flia|f9715_rowid_grupo_familia|2|PK_t9715
dbo|t9716_pdv_clase_tpv_func_kds|f9716_rowid_clase_tpv|1|PK_t9716
dbo|t9716_pdv_clase_tpv_func_kds|f9716_id_funcion|2|PK_t9716
dbo|t9717_pdv_clase_familia|f9717_rowid|1|PK_t9717
dbo|t9718_pdv_clase_familia_co|f9718_rowid_clase_familia|1|PK_t9718
dbo|t9718_pdv_clase_familia_co|f9718_id_co|2|PK_t9718
dbo|t9720_pdv_familia|f9720_rowid|1|PK_t9720
dbo|t9721_pdv_familia_items|f9721_rowid|1|PK_t9721
dbo|t97211_pdv_familia_ing_factor|f97211_rowid|1|PK_t97211
dbo|t97212_pdv_familia_rangos|f97212_rowid|1|PK_t97212
dbo|t97213_pdv_familia_receta|f97213_rowid|1|PK_t97213
dbo|t9722_pdv_grupo_familias|f9722_rowid|1|PK_t9722
dbo|t9723_pdv_grupo_familias_rel|f9723_rowid|1|PK_t9723
dbo|t9724_pdv_familia_preparacion|f9724_rowid|1|PK_t9724
dbo|t9725_pdv_familia_combo|f9725_rowid|1|PK_t9725
dbo|t9726_pdv_familia_rel_familia|f9726_rowid|1|PK_t9726
dbo|t9727_pdv_familia_items_bod|f9727_rowid|1|PK_t9727
dbo|t9728_pdv_bodega_transf|f9728_rowid_bodega_origen|1|PK_t9728
dbo|t9729_pdv_items_concesion|f9729_rowid_item_ext|1|PK_t9729
dbo|t97291_pdv_co_concesion|f97291_rowid_item_ext|1|PK_t97291
dbo|t97291_pdv_co_concesion|f97291_id_co|2|PK_t97291
dbo|t9730_pdv_cpto_caja|f9730_rowid|1|PK_t9730
dbo|t97301_pdv_gpo_cpto_caja|f97301_rowid|1|PK_t97301
dbo|t97302_pdv_gpo_cpto_caja_rel|f97302_rowid|1|PK_t97302
dbo|t9731_pdv_cpto_caja_moneda|f9731_rowid_cpto_caja|1|PK_t9731
dbo|t9731_pdv_cpto_caja_moneda|f9731_id_moneda|2|PK_t9731
dbo|t9732_pdv_param_proveedor_serv|f9732_id_cia|1|PK_t9732
dbo|t9732_pdv_param_proveedor_serv|f9732_id|2|PK_t9732
dbo|t9733_pdv_mp_bono_config|f9733_id_cia|1|PK_t9733
dbo|t9733_pdv_mp_bono_config|f9733_id_medio_pago|2|PK_t9733
dbo|t9734_pdv_cajeros|f9734_id_cia|1|PK_t9734
dbo|t9734_pdv_cajeros|f9734_rowid_usuario|2|PK_t9734
dbo|t9735_pdv_comentarios_imp|f9735_rowid|1|PK_t9735
dbo|t9736_pdv_comentarios_imp_pub|f9736_rowid|1|PK_t9736
dbo|t9737_pdv_comentarios_imp_det|f9737_rowid|1|PK_t9737
dbo|t9738_pdv_vendedor_co|f9738_id_cia|1|PK_t9738
dbo|t9738_pdv_vendedor_co|f9738_id_vendedor|2|PK_t9738
dbo|t9738_pdv_vendedor_co|f9738_id_co|3|PK_t9738
dbo|t9739_pdv_publicidad|f9739_rowid|1|PK_t9739
dbo|t97391_pdv_publicidad_det|f97391_rowid|1|PK_t97391
dbo|t9740_pdv_clientes|f9740_id_cia|1|PK_t9740
dbo|t9740_pdv_clientes|f9740_id|2|PK_t9740
dbo|t97401_pdv_clientes_log_unif|f97401_id_cia|1|PK_t97401
dbo|t97401_pdv_clientes_log_unif|f97401_id_origen|2|PK_t97401
dbo|t9741_pdv_criterios_clientes|f9741_id_cia|1|PK_t9741
dbo|t9741_pdv_criterios_clientes|f9741_id_cliente_pdv|2|PK_t9741
dbo|t9741_pdv_criterios_clientes|f9741_id_plan_criterios|3|PK_t9741
dbo|t9742_pdv_clubes_fiel_g|f9742_id|1|PK_t9742
dbo|t97421_pdv_clubes_fiel_co|f97421_id_cia|1|PK_t97421
dbo|t97421_pdv_clubes_fiel_co|f97421_id_club_fiel_g|2|PK_t97421
dbo|t97421_pdv_clubes_fiel_co|f97421_id_co|3|PK_t97421
dbo|t97422_pdv_clubes_fiel|f97422_id_cia|1|PK_t97422
dbo|t97422_pdv_clubes_fiel|f97422_id_club_fiel_g|2|PK_t97422
dbo|t97423_pdv_clubes_fiel_cambio|f97423_id_club_fiel_g|1|PK_t97423
dbo|t97423_pdv_clubes_fiel_cambio|f97423_ind_tipo_actualiza|2|PK_t97423
dbo|t97423_pdv_clubes_fiel_cambio|f97423_id_tipo_tarj_fiel_g_ori|3|PK_t97423
dbo|t97423_pdv_clubes_fiel_cambio|f97423_valor_minimo|4|PK_t97423
dbo|t9743_pdv_motivos_puntos_g|f9743_id|1|PK_t9743
dbo|t97433_plataforma_pago|f97433_rowid|1|PK_t97433
dbo|t97434_pdv_plataforma_pgo_cfg|f97434_rowid|1|PK_t97434
dbo|t97435_pdv_plataforma_pgo_tpv|f97435_rowid|1|PK_t97435
dbo|t9744_pdv_tipo_tarjeta_fiel_g|f9744_id|1|PK_t9744
dbo|t9745_pdv_tipo_tarjeta_fiel|f9745_id_cia|1|PK_t9745
dbo|t9745_pdv_tipo_tarjeta_fiel|f9745_id_tipo_tarjeta|2|PK_t9745
dbo|t9746_pdv_tipo_tarjeta_puntos|f9746_rowid|1|PK_t9746
dbo|t97461_pdv_tipo_tarjeta_pto_co|f97461_rowid|1|PK_t97461
dbo|t9747_pdv_tipo_tarjeta_msg|f9747_rowid|1|PK_t9747
dbo|t97471_pdv_tipo_tarjeta_mpgo|f97471_rowid|1|PK_t97471
dbo|t9748_pdv_tarjeta_fiel_g|f9748_id|1|PK_t9748
dbo|t97481_pdv_tarjeta_club_fiel_g|f97481_id_tarjeta_fiel_g|1|PK_t97481
dbo|t97481_pdv_tarjeta_club_fiel_g|f97481_id_club_fiel_g|2|PK_t97481
dbo|t9749_pdv_tarjeta_fiel|f9749_id_tarjeta_fiel_g|1|PK_t9749
dbo|t9750_pdv_tpv|f9750_rowid|1|PK_t9750
dbo|t9751_pdv_tpv_monedas|f9751_rowid_tpv|1|PK_t9751
dbo|t9751_pdv_tpv_monedas|f9751_id_moneda|2|PK_t9751
dbo|t9752_pdv_tpv_clase_docto|f9752_rowid_tpv|1|PK_t9752
dbo|t9752_pdv_tpv_clase_docto|f9752_id_clase_docto|2|PK_t9752
dbo|t9753_pdv_tpv_moneda_cpto_caja|f9753_rowid_tpv|1|PK_t9753
dbo|t9753_pdv_tpv_moneda_cpto_caja|f9753_id_moneda|2|PK_t9753
dbo|t9753_pdv_tpv_moneda_cpto_caja|f9753_ind_clase_concepto|3|PK_t9753
dbo|t9753_pdv_tpv_moneda_cpto_caja|f9753_id_medio_pago|4|PK_t9753
dbo|t9754_pdv_tpv_clientes|f9754_rowid_tpv|1|PK_t9754_pdv_tpv_clientes
dbo|t9754_pdv_tpv_clientes|f9754_rowid_tercero|2|PK_t9754_pdv_tpv_clientes
dbo|t9754_pdv_tpv_clientes|f9754_id_suc_cliente|3|PK_t9754_pdv_tpv_clientes
dbo|t9755_pdv_items_bloqueo_kds|f9755_rowid_item_ext|1|PK_t9755
dbo|t9755_pdv_items_bloqueo_kds|f9755_rowid_kds|2|PK_t9755
dbo|t9757_pdv_tipos_entrega|f9757_rowid|1|PK_t9757
dbo|t97571_pdv_tipo_entrega_grp|f97571_rowid|1|PK_t97571
dbo|t97572_pdv_tipo_entrega_grpdet|f97572_rowid_tipo_entrega_grp|1|PK_t97572
dbo|t97572_pdv_tipo_entrega_grpdet|f97572_rowid_tipo_entrega|2|PK_t97572
dbo|t9758_pdv_domic_telefono|f9758_indicativo|1|PK_t9758
dbo|t9758_pdv_domic_telefono|f9758_telefono|2|PK_t9758
dbo|t97581_pdv_domic_contacto|f97581_guid|1|PK_t97581
dbo|t97582_pdv_domic_direccion|f97582_guid|1|PK_t97582
dbo|t9759_pdv_domic_zona|f9759_rowid|1|PK_t9759
dbo|t97591_pdv_domic_zona_det|f97591_rowid|1|PK_t97591
dbo|t97592_pdv_domic_grp_zona|f97592_rowid|1|PK_t97592
dbo|t97593_pdv_domic_grp_zona_det|f97593_rowid_domic_grp_zona|1|PK_t97593
dbo|t97593_pdv_domic_grp_zona_det|f97593_rowid_domic_zona|2|PK_t97593
dbo|t9760_pdv_bd_pos|f9760_id_cia|1|PK_t9760
dbo|t9760_pdv_bd_pos|f9760_id|2|PK_t9760
dbo|t9761_pdv_bd_co_pos|f9761_id_cia|1|PK_t9761
dbo|t9761_pdv_bd_co_pos|f9761_id_bd_pos|2|PK_t9761
dbo|t9761_pdv_bd_co_pos|f9761_id_co|3|PK_t9761
dbo|t9765_pdv_clase_enrolamiento|f9765_id_cia|1|PK_t9765
dbo|t9765_pdv_clase_enrolamiento|f9765_id|2|PK_t9765
dbo|t9766_pdv_enrolamiento|f9766_rowid_tercero|1|PK_t9766
dbo|t9767_pdv_enrolamiento_huella|f9767_rowid_tercero|1|PK_t9767
dbo|t9767_pdv_enrolamiento_huella|f9767_nro_huella|2|PK_t9767
dbo|t9770_pdv_rifas|f9770_rowid|1|PK_t9770
dbo|t9771_pdv_rifas_asignadas|f9771_rowid_rifa|1|PK_t9771
dbo|t9771_pdv_rifas_asignadas|f9771_numero|2|PK_t9771
dbo|t9771_pdv_rifas_asignadas|f9771_serie|3|PK_t9771
dbo|t9772_pdv_rifas_consecutivos|f9772_rowid_rifa|1|PK_t9772
dbo|t9773_pdv_rifas_co|f9773_rowid_rifa|1|PK_t9773
dbo|t9773_pdv_rifas_co|f9773_id_co|2|PK_t9773
dbo|t9774_pdv_rifas_mpago|f9774_rowid_rifa|1|PK_t9774
dbo|t9774_pdv_rifas_mpago|f9774_id_medio_pago|2|PK_t9774
dbo|t9775_pdv_rifas_bd|f9775_rowid_rifa|1|PK_t9775
dbo|t9775_pdv_rifas_bd|f9775_id_bd_pos|2|PK_t9775
dbo|t9777_pdv_control_bonos|f9777_id_cia|1|PK_t9777
dbo|t9777_pdv_control_bonos|f9777_id|2|PK_t9777
dbo|t9778_pdv_control_bonos_co|f9778_id_cia|1|PK_t9778
dbo|t9778_pdv_control_bonos_co|f9778_id_tipo_bono|2|PK_t9778
dbo|t9778_pdv_control_bonos_co|f9778_id_co|3|PK_t9778
dbo|t9779_pdv_motivos_arreglos|f9779_id_cia|1|PK_t9779
dbo|t9779_pdv_motivos_arreglos|f9779_id_motivo|2|PK_t9779
dbo|t9780_pdv_acum_log|f9780_rowid|1|PK_t9780
dbo|t9781_pdv_acum_log_docto|f9781_rowid|1|PK_t9781
dbo|t97811_pdv_acum_log_dcto|f97811_rowid_pdv_acum_log|1|PK_t97811
dbo|t97811_pdv_acum_log_dcto|f97811_rowid_docto|2|PK_t97811
dbo|t97811_pdv_acum_log_dcto|f97811_guid_docto|3|PK_t97811
dbo|t9782_pdv_acum_log_error|f9782_rowid|1|PK_t9782
dbo|t9783_pdv_acum_log_control_tpv|f9783_rowid|1|PK_t9783
dbo|t9785_pdv_control_acum|f9785_rowid|1|PK_t9785
dbo|t9786_pdv_control_acum_docto|f9786_rowid_pdv_acum_log|1|PK_t9786
dbo|t9786_pdv_control_acum_docto|f9786_rowid_docto|2|PK_t9786
dbo|t97861_pdv_control_acum_docto|f97861_rowid_pdv_acum_log|1|PK_t97861
dbo|t97861_pdv_control_acum_docto|f97861_rowid_docto|2|PK_t97861
dbo|t97861_pdv_control_acum_docto|f97861_guid_docto|3|PK_t97861
dbo|t9787_pdv_control_acum_tpv|f9787_rowid_pdv_acum_log|1|PK_t9787
dbo|t9787_pdv_control_acum_tpv|f9787_guid_control_tpv|2|PK_t9787
dbo|t9790_update_service_pack|f9790_id_version|1|PK_t9790
dbo|t9790_update_service_pack|f9790_id_service_pack|2|PK_t9790
dbo|t9791_pdv_update_srv_desc|f9791_id_cia|1|PK_t9791
dbo|t9791_pdv_update_srv_desc|f9791_id|2|PK_t9791
dbo|t9792_pdv_update_programacion|f9792_id_cia|1|PK_t9792
dbo|t9792_pdv_update_programacion|f9792_id_bd|2|PK_t9792
dbo|t9794_pdv_cfg_apariencia|f9794_rowid|1|PK_t9794
dbo|t9795_pdv_pasos|f9795_rowid|1|PK_t9795
dbo|t9796_pdv_grupo_pasos|f9796_rowid|1|PK_t9796
dbo|t9797_pdv_grupo_paso_rel|f9797_rowid|1|PK_t9797
dbo|t9798_pdv_plataf_integracion|f9798_rowid|1|PK_t9798
dbo|t97981_pdv_plataf_integra_cfg|f97981_rowid|1|PK_t97981
dbo|t9799_pdv_mensajeria|f9799_rowid|1|PK_t9799
dbo|t97991_pdv_mensajeria_det|f97991_rowid|1|PK_t97991
dbo|t9800_pdv_saldo_tpv_mp|f9800_rowid|1|PK_t9800
dbo|t9801_pdv_docto_consec|f9801_id_cia|1|PK_t9801
dbo|t9801_pdv_docto_consec|f9801_id_co|2|PK_t9801
dbo|t9801_pdv_docto_consec|f9801_id_tipo_docto|3|PK_t9801
dbo|t9801_pdv_docto_consec|f9801_consec_docto|4|PK_t9801
dbo|t9802_pdv_tarjeta_fiel_saldo|f9802_id_club_fiel_g|1|PK_t9802
dbo|t9802_pdv_tarjeta_fiel_saldo|f9802_id_tarjeta_fiel_g|2|PK_t9802
dbo|t9803_pdv_tarjeta_fiel_movto|f9803_guid|1|PK_t9803
dbo|t98031_pdv_tarj_reden_saldo|f98031_guid_movto|1|PK_t98031
dbo|t98032_pdv_tarj_reden_movto|f98032_guid_movto_saldo|1|PK_t98032
dbo|t98032_pdv_tarj_reden_movto|f98032_guid_movto_reden|2|PK_t98032
dbo|t9804_pdv_movto_gaveta|f9804_guid|1|PK_t9804
dbo|t9805_pdv_marcacion_movto|f9805_guid|1|PK_t9805
dbo|t9806_pdv_marcacion_ingreso|f9806_rowid_tercero|1|PK_t9806
dbo|t9807_pdv_movto_anticipo|f9807_id_tabla_origen|1|PK_t9807
dbo|t9807_pdv_movto_anticipo|f9807_guid_movto|2|PK_t9807
dbo|t9808_pdv_saldo_anticipo|f9808_guid_saldo_anticipo|1|PK_t9808
dbo|t9809_pdv_comprom_anticipo|f9809_guid|1|PK_t9809
dbo|t9810_pdv_d_control_tpv|f9810_guid|1|PK_t9810
dbo|t9811_pdv_d_control_tpv_mp|f9811_guid_control_tpv|1|PK_t9811
dbo|t9811_pdv_d_control_tpv_mp|f9811_id_medio_pago|2|PK_t9811
dbo|t9811_pdv_d_control_tpv_mp|f9811_id_moneda|3|PK_t9811
dbo|t9820_pdv_d_doctos|f9820_guid|1|PK_t9820
dbo|t9821_pdv_d_movto_mp|f9821_guid|1|PK_t9821
dbo|t9822_pdv_d_doctos_retencion|f9822_guid_docto|1|PK_t9822
dbo|t9822_pdv_d_doctos_retencion|f9822_id_llave_retencion|2|PK_t9822
dbo|t9823_pdv_d_doctos_ext|f9823_guid_docto|1|PK_t9823
dbo|t9824_pdv_d_doctos_puntos_club|f9824_guid_docto|1|PK_t9824
dbo|t9824_pdv_d_doctos_puntos_club|f9824_id_club_fiel_g|2|PK_t9824
dbo|t9830_pdv_d_movto_venta|f9830_guid|1|PK_t9830
dbo|t9831_pdv_d_movto_venta_dscto|f9831_guid_movto|1|PK_t9831
dbo|t9831_pdv_d_movto_venta_dscto|f9831_orden|2|PK_t9831
dbo|t9831_pdv_d_movto_venta_dscto|f9831_ind_tipo_dscto|3|PK_t9831
dbo|t9832_pdv_d_movto_venta_impto|f9832_guid_movto|1|PK_t9832
dbo|t9832_pdv_d_movto_venta_impto|f9832_id_llave_impuesto|2|PK_t9832
dbo|t98321_pdv_d_mvto_vta_imp_cpy|f98321_guid_movto|1|PK_t98321
dbo|t98321_pdv_d_mvto_vta_imp_cpy|f98321_id_llave_impuesto|2|PK_t98321
dbo|t9833_pdv_d_movto_venta_prep|f9833_guid|1|PK_t9833
dbo|t9834_pdv_d_movto_venta_ext|f9834_guid_movto|1|PK_t9834
dbo|t9838_pdv_movto_vta_elim|f9838_guid|1|PK_t9838
dbo|t9839_pdv_movto_vta_ext_elim|f9839_guid_movto|1|PK_t9839
dbo|t9840_pdv_d_movto_caja|f9840_guid|1|PK_t9840
dbo|t9843_pdv_d_fisico_mp|f9843_guid|1|PK_t9843
dbo|t9844_pdv_d_mp_fisico_detalle|f9844_guid|1|PK_t9844
dbo|t9850_pdv_movto_arreglos|f9850_guid|1|PK_t9850
dbo|t9851_pdv_control_mesas|f9851_guid|1|PK_t9851
dbo|t9852_pdv_kds_docto|f9852_guid|1|PK_t9852
dbo|t9853_pdv_kds_movto|f9853_guid|1|PK_t9853
dbo|t9854_pdv_imp_docto|f9854_guid|1|PK_t9854
dbo|t9855_pdv_imp_movto|f9855_guid|1|PK_t9855
dbo|t9856_pdv_balanceo_dispositivo|f9856_rowid_centro_prep|1|PK_t9856
dbo|t9857_pdv_import_mvto_peddisp|f9857_nro_balanza|1|PK_t9857
dbo|t9857_pdv_import_mvto_peddisp|f9857_consec_tiquete|2|PK_t9857
dbo|t9857_pdv_import_mvto_peddisp|f9857_nro_linea|3|PK_t9857
dbo|t9860_pdv_update_reg_control|f9860_rowid|1|PK_t9860
dbo|t9861_pdv_update_log|f9861_guid|1|PK_t9861
dbo|t9862_pdv_doctos_congel|f9862_guid|1|PK_t9862
dbo|t9890_pdv_upload_tpv|f9890_guid|1|PK_t9890
dbo|t9891_pdv_upload_tpv_paquete|f9891_guid_upload|1|PK_t9891
dbo|t9891_pdv_upload_tpv_paquete|f9891_nro_paquete|2|PK_t9891
dbo|t9892_pdv_upload_tpv_cambio|f9892_guid_upload|1|PK_t9892
dbo|t9892_pdv_upload_tpv_cambio|f9892_nro_paquete|2|PK_t9892
dbo|t9892_pdv_upload_tpv_cambio|f9892_nro_cambio|3|PK_t9892
dbo|t9893_pdv_paq_impo|f9893_guid|1|PK_t9893
dbo|t9894_pdv_msg|f9894_guid|1|PK_t9894
dbo|t9895_pdv_sms|f9895_guid|1|PK_t9895
dbo|t9897_pdv_sinc_ctrl_desde_bd|f9897_rowid|1|PK_t9897
dbo|t98971_pdv_sinc_ctrl_grp|f98971_id_cia|1|PK_t98971
dbo|t98971_pdv_sinc_ctrl_grp|f98971_id_bd|2|PK_t98971
dbo|t98971_pdv_sinc_ctrl_grp|f98971_consecutivo|3|PK_t98971
dbo|t9898_pdv_log_sinc_pos|f9898_consecutivo|1|PK_t9898
dbo|t9899_pdv_control_sinc_bd|f9899_id_cia|1|PK_t9899
dbo|t9899_pdv_control_sinc_bd|f9899_id_bd|2|PK_t9899
dbo|t990_ms_alertas_configuracion|f990_rowid|1|PK_t990
dbo|t9901_ms_autom_estructura|f9901_id_grupo_clase_docto|1|PK_t9901
dbo|t9901_ms_autom_estructura|f9901_id_grupo_clase_docto_msj|2|PK_t9901
dbo|t9902_ms_autom_docto_msj|f9902_rowid|1|PK_t9902
dbo|t9903_ms_autom_docto_destino|f9903_rowid_docto_msj|1|PK_t9903
dbo|t9903_ms_autom_docto_destino|f9903_id_grupo_clase_docto_ms|2|PK_t9903
dbo|t9904_ms_autom_docto_dest_ad|f9904_rowid|1|PK_t9904
dbo|t9905_ms_autom_correo|f9905_id_cia|1|PK_t9905
dbo|t9905_ms_autom_correo|f9905_id_clase_docto|2|PK_t9905
dbo|t991_ms_carpetas|f991_rowid|1|PK_t991
dbo|t9910_pdv_a_control_tpv|f9910_guid|1|PK_t9910
dbo|t9911_pdv_a_control_tpv_mp|f9911_guid_control_tpv|1|PK_t9911
dbo|t9911_pdv_a_control_tpv_mp|f9911_id_medio_pago|2|PK_t9911
dbo|t9911_pdv_a_control_tpv_mp|f9911_id_moneda|3|PK_t9911
dbo|t992_ms_alertas_mensajes|f992_rowid|1|PK_t992
dbo|t9920_pdv_a_doctos|f9920_guid|1|PK_t9920
dbo|t9921_pdv_a_movto_mp|f9921_guid|1|PK_t9921
dbo|t9922_pdv_a_doctos_retencion|f9922_guid_docto|1|PK_t9922
dbo|t9922_pdv_a_doctos_retencion|f9922_id_llave_retencion|2|PK_t9922
dbo|t9923_pdv_a_doctos_ext|f9923_guid_docto|1|PK_t9923
dbo|t9924_pdv_a_doctos_puntos_club|f9924_guid_docto|1|PK_t9924
dbo|t9924_pdv_a_doctos_puntos_club|f9894_id_club_fiel_g|2|PK_t9924
dbo|t993_ms_alertas_programacion|f993_rowid|1|PK_t993
dbo|t9930_pdv_a_movto_venta|f9930_guid|1|PK_t9930
dbo|t9931_pdv_a_movto_venta_dscto|f9931_guid_movto|1|PK_t9931
dbo|t9931_pdv_a_movto_venta_dscto|f9931_orden|2|PK_t9931
dbo|t9931_pdv_a_movto_venta_dscto|f9931_ind_tipo_dscto|3|PK_t9931
dbo|t9932_pdv_a_movto_venta_impto|f9932_guid_movto|1|PK_t9932
dbo|t9932_pdv_a_movto_venta_impto|f9932_id_llave_impuesto|2|PK_t9932
dbo|t9933_pdv_a_movto_venta_prep|f9933_guid|1|PK_t9933
dbo|t9934_pdv_a_movto_venta_ext|f9934_guid_movto|1|PK_t9934
dbo|t994_ms_alertas_msj_usuario|f994_rowid_tercero_func|1|PK_t994
dbo|t994_ms_alertas_msj_usuario|f994_rowid_carpeta|2|PK_t994
dbo|t9940_pdv_a_movto_caja|f9940_guid|1|PK_t9940
dbo|t9943_pdv_a_fisico_mp|f9943_guid|1|PK_t9943
dbo|t9944_pdv_a_mp_fisico_detalle|f9944_guid|1|PK_t9944
dbo|t995_ms_alertas_msj_correos|f995_rowid|1|PK_t995
dbo|t9952_pdv_a_kds_docto|f9952_guid|1|PK_t9952
dbo|t9953_pdv_a_kds_movto|f9953_guid|1|PK_t9953
dbo|t996_mm_envios|f996_rowid|1|PK_t996
dbo|t9961_mm_envios_msj|f9961_rowid|1|PK_t9961
dbo|t9962_mm_envios_adj|f9962_rowid|1|PK_t9962
dbo|t997_fw_jobs|f997_rowid|1|PK_t997
dbo|t9971_fw_jobs_program|f9971_rowid|1|PK_t9971
dbo|t998_fw_dashboards|f998_id|1|PK_t998
dbo|t999_fw_categorias_dashboard|f999_id|1|PK_t999
dbo|t9993_pdv_paq_impo|f9993_guid|1|PK_t9993
dbo|t9994_informacion_aliados|f9994_guid|1|PK_t9994
dbo|TableProperties|TableName|1|PK_TableProperties
dbo|TableProperties|Code|2|PK_TableProperties
dbo|TableProperties|Type|3|PK_TableProperties
dbo|VariableDatosConstante|IDEN_Variable|1|PK_VariableConstante
dbo|VariableDatosMaestro|IDEN_Maestro|1|PK_VariableTransaccionMaestro
dbo|VariableDatosMaestro|IDEN_Variable|2|PK_VariableTransaccionMaestro
dbo|VariableDatosMaestro|CodigoMaestro|3|PK_VariableTransaccionMaestro
dbo|VariableDatosTransaccion|IDEN_Maestro|1|PK_VariableDatosTransaccion
dbo|VariableDatosTransaccion|IDEN_Variable|2|PK_VariableDatosTransaccion
dbo|VariableDatosTransaccion|ConsecutivoTrans|3|PK_VariableDatosTransaccion
dbo|VariableDatosTransaccion|CodigoMaestro|4|PK_VariableDatosTransaccion
dbo|VariableDatosTransaccion|CampoLibre|5|PK_VariableDatosTransaccion
dbo|VariableDefinicion|Nombre|1|PK_VariableDefinicion
dbo|VariableDefinicionMaestro|IDEN|1|PK_VariableDefinicionMaestro
dbo|VariableMaestro|IDEN_Maestro|1|PK_VariableMaestro_1
dbo|VariableMaestro|IDEN_Variable|2|PK_VariableMaestro_1
dbo|VariableTipoTransaccion|IDEN|1|PK_VariableTipoTransaccion
dbo|VariableTipoVariable|IDEN|1|PK_VariableTipoVariable
dbo|w00011_parametros_generales|c00011_rowid|1|PK_w00011
dbo|w0002_metodos_equivalentes|c0002_id|1|PK_w0002
dbo|w0003_lenguajes|c0003_id|1|PK_w0003
dbo|w0004_barras_herrams_clases|c0004_id_metodo_clase|1|PK_w0004
dbo|w0004_barras_herrams_clases|c0004_id_metodo_equivalente|2|PK_w0004
dbo|w0004_barras_herrams_clases|c0004_orden|3|PK_w0004
dbo|w0005_nombres_tipos|c0005_id|1|PK_w0005
dbo|w0006_tipos|c0006_id_tipo|1|PK_w0006
dbo|w0006_tipos|c0006_id_lenguaje|2|PK_w0006
dbo|w0006_tipos|c0006_valor|3|PK_w0006
dbo|w0007_etiquetas|c0007_id|1|PK_w0007
dbo|w0007_etiquetas|c0007_id_lenguaje|2|PK_w0007
dbo|w0008_parametros_companias|c0008_id_cia|1|PK_w0008
dbo|w0009_versiones|c0009_id|1|PK_w0009
dbo|w0010_textos_formatos|c0010_id|1|PK_w0010
dbo|w0011_convencion_formatos|c0011_id|1|PK_w0011
dbo|w0013_secuencias|c0013_id|1|PK_w0013
dbo|w0014_sesiones|c0014_rowid|1|PK_w0014
dbo|w00141_seg_usuario|c00141_rowid_usuario|1|PK_w00141
dbo|w0015_recursos|c0015_rowid|1|PK_w0015
dbo|w0016_ses_log|c0016_id_conexion_bd|1|PK_w0016
dbo|w0016_ses_log|c0016_fecha_transaccion|2|PK_w0016
dbo|w0017_ses_log_configuracion|c0017_codigo|1|PK_w0017
dbo|w0018_dicc_datos_cco|c0018_id|1|PK_w0018
dbo|w0019_convencion_formulas|c0019_id|1|PK_w0019
dbo|w0020_modos_nomina|c0020_id|1|PK_w0020
dbo|w0021_detalle_modos_lenguaje|c0021_id_modo|1|PK_w0021
dbo|w0021_detalle_modos_lenguaje|c0021_id_lenguaje|2|PK_w0021
dbo|w0022_etiquetas|c0022_id|1|PK_w0022
dbo|w0022_etiquetas|c0022_id_lenguaje|2|PK_w0022
dbo|w0023_formatos|c0023_tipo|1|PK_w0023
dbo|w0023_formatos|c0023_id|2|PK_w0023
dbo|w0024_formatos_cia|c0024_id_cia|1|PK_w0024
dbo|w0024_formatos_cia|c0024_tipo|2|PK_w0024
dbo|w0024_formatos_cia|c0024_id|3|PK_w0024
dbo|w0025_formula_valoriza_tnl|c0025_id_cia|1|PK_w0025
dbo|w0025_formula_valoriza_tnl|c0025_id|2|PK_w0025
dbo|w0025_formula_valoriza_tnl|c0025_consecutivo|3|PK_w0025
dbo|w0026_ind_liquidacion|c0026_indicador|1|PK_w0026
dbo|w0026_ind_liquidacion|c0026_ind_valor|2|PK_w0026
dbo|w0027_reglas_cierre|c0027_rowid|1|PK_w0027
dbo|w0028_reglas_cierre_cia|c0028_rowid|1|PK_w0028
dbo|w0029_menu_pais|c0029_id|1|PK_w0029
dbo|w0029_menu_pais|c0029_id_pais|2|PK_w0029
dbo|w0029_menu_pais|c0029_titulo_t548|3|PK_w0029
dbo|w0029_menu_pais|c0029_nivel_t548|4|PK_w0029
dbo|w0030_mensajes_correo|c0030_rowid|1|PK_w0030
dbo|w00300_correo_envio|c00300_rowid|1|PK_w00300
dbo|w00301_correo_mensaje|c00301_rowid|1|PK_w00301
dbo|w00302_correo_adjunto|c00302_rowid|1|PK_w00302
dbo|w0031_pref_usuario|c0031_rowid_usuario|1|PK_w0031
dbo|w0035_formulas|c0035_id|1|PK_w0035
dbo|w0036_excel_nomina|c0036_rowid|1|PK_w0036
dbo|w0037_hojas_excel|c0037_rowid|1|PK_w0037_hojas_excel
dbo|w0038_celdas_excel|c0038_rowid|1|PK_w0038_celdas_excel
dbo|w0039_estilos_celdas_excel|c0039_rowid|1|PK_w0039_estilos_celdas_excel
dbo|w0040_archivos|c0040_rowid|1|PK_w0040
dbo|w0041_rutas_descargas|c0041_rowid|1|PK_w0041
dbo|w0042_rutas_descargas_det|c0042_rowid|1|PK_w0042
dbo|w0044_restriccion_catalogo|c0044_origen|1|PK_w0044
dbo|w0044_restriccion_catalogo|c0044_ind_tipo_registro|2|PK_w0044
dbo|w0045_restricciones_usuario|c0045_rowid|1|PK_w0045
dbo|w0046_clases_opc_cifrado|c0046_rowid|1|PK_w0046
dbo|w0047_param_cifrado|c0047_rowid|1|PK_w0047
dbo|w0048_param_cifrado_opc|c0048_rowid|1|PK_w0048
dbo|w0049_parametros_gh|c0049_rowid|1|PK_w0049
dbo|w0050_parametros_nomina|c0050_id_cia|1|PK_w0050_parametros_nomina
dbo|w0051_parametros_nomina_ano|c0051_id_cia|1|PK_w0051_parametros_nomina_ano
dbo|w0051_parametros_nomina_ano|c0051_ano|2|PK_w0051_parametros_nomina_ano
dbo|w0052_parametros_ing_ret|c0052_rowid|1|PK_w0052
dbo|w0053_terceros_notif|c0053_rowid|1|PK_w0053
dbo|w0054_parametros_cco_cia|c0054_id_cia|1|PK_w0054
dbo|w0058_parametros_conexion|c0058_rowid|1|PK_w0058
dbo|w0059_parametros_cliente|c0059_rowid|1|PK_w0059
dbo|w0061_in_informes_usuarios|c0061_id_cia|1|PK_w0061
dbo|w0061_in_informes_usuarios|c0061_tipo|2|PK_w0061
dbo|w0061_in_informes_usuarios|c0061_usuario|3|PK_w0061
dbo|w0063_in_consulta_join|c0063_tipo|1|PK_w0063
dbo|w0063_in_consulta_join|c0063_tabla_join|2|PK_w0063
dbo|w0064_in_consulta_entidad|c0064_tipo|1|PK_w0064
dbo|w0064_in_consulta_entidad|c0064_id_tipo_entidad|2|PK_w0064
dbo|w0067_control_accesos|c0067_rowid|1|PK_w0067
dbo|w0068_politicas_seguridad|c0068_rowid|1|PK_w0068
dbo|w0069_clases_opc_ag|c0069_ind_seguridad|1|PK_w0069
dbo|w0069_clases_opc_ag|c0069_id_metodo_clase|2|PK_w0069
dbo|w0070_ag_parametros|c0070_rowid|1|PK_w0070
dbo|w0071_ag_usuarios|c0071_rowid|1|PK_w0071
dbo|w0072_ag_usuarios_claves|c0072_rowid_usuario_ag|1|PK_w0072
dbo|w0072_ag_usuarios_claves|c0072_fecha_registro|2|PK_w0072
dbo|w0073_ag_portales|c0073_rowid|1|PK_w0073
dbo|w0074_ag_portales_clases_opc|c0074_rowid_portal_ag|1|PK_w0074
dbo|w0074_ag_portales_clases_opc|c0074_ind_seguridad|2|PK_w0074
dbo|w0074_ag_portales_clases_opc|c0074_id_metodo_clase|3|PK_w0074
dbo|w0075_ag_portales_usuarios|c0075_rowid_portal_ag|1|PK_w0075
dbo|w0075_ag_portales_usuarios|c0075_rowid_usuario_ag|2|PK_w0075
dbo|w0076_ag_port_usur_terc|c0076_rowid_portal_ag|1|PK_w0076
dbo|w0076_ag_port_usur_terc|c0076_rowid_usuario_ag|2|PK_w0076
dbo|w0076_ag_port_usur_terc|c0076_rowid_tercero|3|PK_w0076
dbo|w0077_ag_port_usur_terc_suc|c0077_rowid_portal_ag|1|PK_w0077
dbo|w0077_ag_port_usur_terc_suc|c0077_rowid_usuario_ag|2|PK_w0077
dbo|w0077_ag_port_usur_terc_suc|c0077_rowid_tercero|3|PK_w0077
dbo|w0077_ag_port_usur_terc_suc|c0077_id_sucursal_tercero|4|PK_w0077
dbo|w0078_ag_param_cuotas|c0078_rowid|1|PK_w0078
dbo|w0079_ag_solicitud_usuarios|c0079_rowid|1|PK_w0079
dbo|w0087_ses_acciones|c0087_rowid_usuario|1|PK_w0087
dbo|w0087_ses_acciones|c0087_id_sesion_web|2|PK_w0087
dbo|w0087_ses_acciones|c0087_fecha_inicial|3|PK_w0087
dbo|w0087_ses_acciones|c0087_fecha_registro|4|PK_w0087
dbo|w0088_ses_menu|c0088_fecha_inicial|1|PK_w0088_ses_menu
dbo|w0088_ses_menu|c0088_fecha_registro|2|PK_w0088_ses_menu
dbo|w0088_ses_menu|c0088_rowid_usuario|3|PK_w0088_ses_menu
dbo|w0088_ses_menu|c0088_id_sesion_web|4|PK_w0088_ses_menu
dbo|w0089_ses_tablas|c0089_rowid|1|PK_w0089
dbo|w0094_ws_metodos|c0094_tipo|1|PK_w0094_ws_metodos
dbo|w0094_ws_metodos|c0094_modulo|2|PK_w0094_ws_metodos
dbo|w0094_ws_metodos|c0094_id|3|PK_w0094_ws_metodos
dbo|w0095_ws_metodos_etiquetas|c0095_tipo_metodo|1|PK_w0095
dbo|w0095_ws_metodos_etiquetas|c0095_modulo_metodo|2|PK_w0095
dbo|w0095_ws_metodos_etiquetas|c0095_id_metodo|3|PK_w0095
dbo|w0095_ws_metodos_etiquetas|c0095_id_lenguaje|4|PK_w0095
dbo|w0096_ws_consultas|c0096_rowid|1|PK_w0096
dbo|w0097_ws_metodos_usuarios|c0097_rowid|1|PK_w0097
dbo|w0098_ws_consultas_usuarios|c0098_rowid|1|PK_w0097_ws_permiso_usuario
dbo|w0099_ws_log|c0099_rowid|1|PK_w0099_ws_log
dbo|w0100_ag_grupo_terc|c0100_rowid|1|PK_w0100
dbo|w0101_ag_grupo_terc_detalle|c0101_rowid|1|PK_w0101
dbo|w0102_ag_grupo_terc_usuario|c0102_rowid|1|PK_w0102
dbo|w0110_ag_config_temporada|c0110_rowid|1|PK_w0110
dbo|w0111_ag_temporada_imagen|c0111_rowid|1|PK_w0111
dbo|w0200_tcro_unificar_nomina|c0200_rowid|1|PK_w0200_tcro_unificar_nomina
dbo|w0201_rangos_solidaridad|c0201_rowid|1|PK_w0201
dbo|w0401_tipos_inmuebles|c0401_id|1|PK_w0401_1
dbo|w0402_estados_inmuebles|c0402_id|1|PK_w0402_1
dbo|w0403_tipos_propiedad|c0403_id|1|PK_w0403_1
dbo|w0404_ubicaciones_inmuebles|c0404_id|1|PK_w0404_1
dbo|w0405_tipos_presupuestos|c0405_id|1|PK_w0405_1
dbo|w0406_tipos_tarifas|c0406_id|1|PK_w0406_1
dbo|w0407_tipos_cptos_venta|c0407_id|1|PK_w0407_1
dbo|w0408_categorias_tarifas|c0408_id|1|PK_w0408_1
dbo|w0409_textos_cartas|c0409_id|1|PK_w0409
dbo|w0410_inmuebles|c0410_rowid|1|PK_w0410_1
dbo|w0411_inmuebles_presupuestos|c0411_id_cia|1|PK_w0411
dbo|w0411_inmuebles_presupuestos|c0411_rowid_inmueble|2|PK_w0411
dbo|w0411_inmuebles_presupuestos|c0411_id_presupuesto|3|PK_w0411
dbo|w0412_inmuebles_propietarios|c0412_rowid|1|PK_w0412
dbo|w0413_inmuebles_arrendatarios|c0413_rowid|1|PK_w0413
dbo|w0414_inmuebles_telefonos|c0414_id_cia|1|PK_w0414
dbo|w0414_inmuebles_telefonos|c0414_rowid_inmueble|2|PK_w0414
dbo|w0414_inmuebles_telefonos|c0414_id_telefono|3|PK_w0414
dbo|w0415_inmuebles_serv_publicos|c0415_rowid|1|PK_w0415
dbo|w0416_inmuebles_serv_consumos|c0416_rowid_serv_publico|1|PK_w0416
dbo|w0416_inmuebles_serv_consumos|c0416_id_cia|2|PK_w0416
dbo|w0416_inmuebles_serv_consumos|c0416_id_periodo|3|PK_w0416
dbo|w0420_monedas_periodos|c0420_id_cia|1|PK_w0420_monedas_periodos
dbo|w0420_monedas_periodos|c0420_id_moneda|2|PK_w0420_monedas_periodos
dbo|w0420_monedas_periodos|c0420_id_periodo|3|PK_w0420_monedas_periodos
dbo|w0421_monedas_fechas|c0421_id_cia|1|PK_w0421_monedas_fechas
dbo|w0421_monedas_fechas|c0421_id_moneda|2|PK_w0421_monedas_fechas
dbo|w0421_monedas_fechas|c0421_id_fecha|3|PK_w0421_monedas_fechas
dbo|w0430_conceptos|c0430_rowid|1|PK_w0430
dbo|w0431_equiv_contab_impuesto|c0431_id_cia|1|PK_w0431
dbo|w0431_equiv_contab_impuesto|c0431_id_llave_impuesto|2|PK_w0431
dbo|w0432_equiv_contab_retencion|c0432_id_cia|1|PK_w0432
dbo|w0432_equiv_contab_retencion|c0432_id_llave_retencion|2|PK_w0432
dbo|w0432_equiv_contab_retencion|c0432_ind_accion|3|PK_w0432
dbo|w0435_conceptos_ppto|c0435_rowid_concepto|1|PK_w0435_1
dbo|w0435_conceptos_ppto|c0435_rowid_concepto_ppto|2|PK_w0435_1
dbo|w0440_novedades|c0440_rowid|1|PK_w0440
dbo|w0441_novedades_producto|c0441_rowid|1|PK_w0441_1
dbo|w0443_novedades_litigio|c0443_rowid|1|PK_w0443
dbo|w0444_novedades_produc_litigio|c0444_rowid|1|PK_w0444_1
dbo|w0445_consumos_periodicos|c0445_rowid|1|PK_w0445
dbo|w0450_ventas_diarias|c0450_rowid|1|PK_w0450
dbo|w0460_lotes_doctos_serv|c0460_rowid|1|PK_w0460
dbo|w0461_docto_serv|c0461_rowid|1|PK_w0461
dbo|w0462_movto_serv|c0462_rowid|1|PK_w0462
dbo|w0463_movto_serv_imp|c0463_rowid_movto_serv|1|PK_w0463
dbo|w0463_movto_serv_imp|c0463_id_llave_impuesto|2|PK_w0463
dbo|w0464_movto_serv_ret|c0464_rowid_docto|1|PK_w0464
dbo|w0464_movto_serv_ret|c0464_id_llave_retencion|2|PK_w0464
dbo|w0465_movto_producto|c0465_rowid|1|PK_w0465_1
dbo|w0471_tipos_contrato|c0471_id|1|PK_w0471_1
dbo|w0472_categoria_comercial|c0472_id|1|PK_w0472_1
dbo|w0473_clasificacion_pptal|c0473_id|1|PK_w0473_1
dbo|w0474_estado_contrato|c0474_id|1|PK_w0474_1
dbo|w0475_tipos_vigencia|c0475_id|1|PK_w0475_1
dbo|w0476_tipos_amparo|c0476_id|1|PK_w0476_1
dbo|w0477_tipos_sujetos|c0477_id|1|PK_w0477_1
dbo|w0478_claves_bitacora|c0478_id|1|PK_w0478_claves_bitacora
dbo|w0480_contratos|c0480_rowid|1|PK_w0480
dbo|w0481_contratos_sujetos|c0481_rowid_contrato|1|PK_w0481
dbo|w0481_contratos_sujetos|c0481_rowid_tercero|2|PK_w0481
dbo|w0482_contratos_modificaciones|c0482_rowid_contrato|1|PK_w0482
dbo|w0482_contratos_modificaciones|c0482_nro_modificacion|2|PK_w0482
dbo|w0482_contratos_modificaciones|c0482_fecha|3|PK_w0482
dbo|w0483_contratos_bitacora|c0483_rowid_contrato|1|PK_w0483
dbo|w0483_contratos_bitacora|c0483_id_claves_bitacora|2|PK_w0483
dbo|w0483_contratos_bitacora|c0483_fecha|3|PK_w0483
dbo|w0484_contratos_inmuebles|c0484_rowid_contrato|1|PK_w0484_1
dbo|w0484_contratos_inmuebles|c0484_rowid_inmueble|2|PK_w0484_1
dbo|w0485_contratos_poliza|c0485_rowid|1|PK_w0485
dbo|w0486_contratos_increm|c0486_rowid|1|PK_w0486_1
dbo|w0487_contratos_increm_inmueb|c0487_rowid|1|PK_w0487_1
dbo|w0488_contratos_fee_entrada|c0488_rowid|1|PK_w0488_1
dbo|w0489_contratos_productos|c0489_rowid|1|PK_w0489
dbo|w0490_contratos_productos_tope|c0490_rowid|1|PK_w0490_1
dbo|w0491_contratos_productos_incr|c0491_rowid|1|PK_w0491_1
dbo|w0493_contratos_dias_reserva|c0493_rowid_contrato|1|PK_w0493
dbo|w0493_contratos_dias_reserva|c0493_rowid_inmueble|2|PK_w0493
dbo|w0493_contratos_dias_reserva|c0493_fecha_inicial|3|PK_w0493
dbo|w0494_contratos_inm_propiet|c0494_rowid_contrato|1|PK_w0494
dbo|w0494_contratos_inm_propiet|c0494_rowid_inmueble|2|PK_w0494
dbo|w0494_contratos_inm_propiet|c0494_rowid_tercero|3|PK_w0494
dbo|w0494_contratos_inm_propiet|c0494_id_suc_prov|4|PK_w0494
dbo|w0500_cptos_ind_contab|c0500_rowid|1|PK_w0500
dbo|w0501_conceptos|c0501_rowid|1|PK_w0501
dbo|w0502_agrupacion_conceptos|c0502_rowid|1|PK_w0502
dbo|w0503_detalle_agrupac_cptos|c0503_rowid_agrupacion|1|PK_w0503
dbo|w0503_detalle_agrupac_cptos|c0503_rowid_concepto|2|PK_w0503
dbo|w0504_tipos_nomina|c0504_rowid|1|PK_w0504
dbo|w0505_tiempos_basicos|c0505_rowid|1|PK_w0505
dbo|w0506_extralegales|c0506_rowid|1|PK_w0506
dbo|w0507_detalle_extralegales|c0507_id_cia|1|PK_w0507
dbo|w0507_detalle_extralegales|c0507_rowid_extralegal|2|PK_w0507
dbo|w0507_detalle_extralegales|c0507_dias_hasta|3|PK_w0507
dbo|w0508_retencion_fuente|c0508_ano|1|PK_w0508
dbo|w0508_retencion_fuente|c0508_limite_hasta|2|PK_w0508
dbo|w0509_rete_fuente_art384|c0509_id_cia|1|PK_w0509_rete_fuente_art384
dbo|w0509_rete_fuente_art384|c0509_limite_desde|2|PK_w0509_rete_fuente_art384
dbo|w0510_grupos_empleados|c0510_rowid|1|PK_w0510
dbo|w0511_detalle_grupo_empleados|c0511_rowid_grupo_empleado|1|PK_w0511
dbo|w0511_detalle_grupo_empleados|c0511_rowid_concepto|2|PK_w0511
dbo|w0512_cptos_clase_incap|c0512_rowid|1|PK_w0512
dbo|w0513_detalle_liq_sp|c0513_rowid_concepto|1|PK_w0513
dbo|w0514_cod_nal_entidades|c0514_id|1|PK_w0514
dbo|w0515_entidades_eps|c0515_rowid|1|PK_w0515
dbo|w0516_entidades_afp|c0516_rowid|1|PK_w0516
dbo|w0517_entidades_arp|c0517_rowid|1|PK_w0517
dbo|w0518_entidades_cajas|c0518_rowid|1|PK_w0518
dbo|w0519_entidades_sena|c0519_rowid|1|PK_w0519
dbo|w0520_entidades_icbf|c0520_rowid|1|PK_w0520
dbo|w0521_entidades_fondos|c0521_rowid|1|PK_w0521
dbo|w0522_entidades_afc|c0522_rowid|1|PK_w0522
dbo|w0523_ibc_min_semanal|c0523_dias_hasta|1|PK_w0523
dbo|w0523_ibc_min_semanal|c0523_id_cia|2|PK_w0523
dbo|w0525_categoria_cargos|c0525_id|1|PK_w0525
dbo|w0526_cargos|c0526_id|1|PK_w0526
dbo|w0527_detalle_cargos|c0527_id_cargo|1|PK_w0527
dbo|w0527_detalle_cargos|c0527_id|2|PK_w0527
dbo|w0528_conceptos_notif|c0528_rowid|1|PK_w0528_conceptos_notif
dbo|w0529_cptos_notif_det|c0529_rowid|1|PK_w0529
dbo|w0530_centros_de_trabajo|c0530_rowid|1|PK_w0530
dbo|w0531_parametros_sector|c0531_rowid|1|PK_w0531
dbo|w0532_param_sector_rangos|c0532_rowid|1|PK_w0532
dbo|w0533_actividad_economica|c0533_id|1|PK_w0533
dbo|w0534_nom_reglas_liq|c0534_rowid|1|PK_w0534
dbo|w0535_tipos_cotizante|c0535_id|1|PK_w0535
dbo|w0536_param_retroactivo|c0536_rowid|1|PK_w0536_param_retroactivo
dbo|w0537_equiv_retroactivo|c0537_rowid|1|PK_w0537_equiv_retroactivo
dbo|w0538_cod_formatos_masivos|c0538_rowid|1|PK_w0538
dbo|w0539_formatos_masivos|c0539_rowid|1|PK_w0539
dbo|w0540_empleados|c0540_rowid_tercero|1|PK_w0540_empleados
dbo|w0541_terceros_seleccion|c0541_rowid|1|PK_w0541_terceros_seleccion
dbo|w0542_terceros_estudios|c0542_rowid|1|PK_w0542_terceros_estudios
dbo|w0543_terceros_conocimi|c0543_rowid|1|PK_w0543_terceros_conocimi
dbo|w0544_terceros_experiencia|c0544_rowid|1|PK_w0544_terceros_experiencia
dbo|w0545_terceros_competencia|c0545_rowid|1|PK_w0545_terceros_competencia
dbo|w0546_estudiantes|c0546_rowid|1|PK_w0546
dbo|w0547_terceros_repor_discipl|c0547_rowid|1|PK_w0547
dbo|w0548_terceros_anteced_judic|c0548_rowid|1|PK_w0548
dbo|w0549_contratos_modelo|c0549_rowid|1|PK_w0549
dbo|w0550_contratos|c0550_rowid|1|PK_w0550
dbo|w0551_contratos_prorrogas|c0551_rowid_contrato|1|PK_w0551
dbo|w0551_contratos_prorrogas|c0551_id|2|PK_w0551
dbo|w0552_contratos_distr_salario|c0552_rowid_contrato|1|PK_w0552
dbo|w0553_contratos_upc_adicional|c0553_rowid_contrato|1|PK_w0553
dbo|w0553_contratos_upc_adicional|c0553_rowid_tercero_benf|2|PK_w0553
dbo|w0554_contratos_aporte_volunt|c0554_rowid_contrato|1|PK_w0554_contratos_aporte_volu
dbo|w0554_contratos_aporte_volunt|c0554_rowid_entidad_afp|2|PK_w0554_contratos_aporte_volu
dbo|w0555_motivos_retiro|c0555_id|1|PK_w0555_1
dbo|w0556_cambio_entidades|c0556_id_cia|1|PK_w0556_contratos_cambio_enti
dbo|w0556_cambio_entidades|c0556_rowid_tercero|2|PK_w0556_contratos_cambio_enti
dbo|w0556_cambio_entidades|c0556_rowid_contrato|3|PK_w0556_contratos_cambio_enti
dbo|w0556_cambio_entidades|c0556_ind_tipo_transac|4|PK_w0556_contratos_cambio_enti
dbo|w0556_cambio_entidades|c0556_fecha|5|PK_w0556_contratos_cambio_enti
dbo|w0557_contratos_distr_salario|c0557_rowid|1|PK_w0557
dbo|w0558_contratos_sueldos_log|c0558_rowid|1|PK_w0558_contratos_sueldos_log
dbo|w0559_contratos_cargos_log|c0559_rowid|1|PK_w0559
dbo|w0560_contra_distr_dev_lapso|c0560_rowid|1|PK_w0560
dbo|w0561_orden_ded_cptos|c0561_id_cia|1|PK_w0561
dbo|w0561_orden_ded_cptos|c0561_rowid_cpto|2|PK_w0561
dbo|w0561_orden_ded_cptos|c0561_orden|3|PK_w0561
dbo|w0562_contra_distr_tn_periodo|c0562_rowid|1|PK_w0562
dbo|w0563_contratos_nov_fijas|c0563_rowid|1|PK_w0563
dbo|w0564_contratos_otros_si|c0564_rowid|1|PK_w0564
dbo|w0565_contratos_deducibles|c0565_rowid|1|PK_w0565
dbo|w0566_contratos_temp|c0566_rowid|1|PK_w0566
dbo|w0567_entidad_contra_temp|c0567_rowid|1|PK_w0567
dbo|w0568_param_contra_temp|c0568_rowid|1|PK_w0568
dbo|w0570_codigos_consolidacion|c0570_rowid|1|PK_w0570
dbo|w0571_tnl_deduc_prestaciones|c0571_id_cia|1|PK_w0571
dbo|w0571_tnl_deduc_prestaciones|c0571_rowid_cpto_prestacion|2|PK_w0571
dbo|w0571_tnl_deduc_prestaciones|c0571_rowid_cpto_tnl_deduc|3|PK_w0571
dbo|w0572_campos_autoliquidacion|c0572_id|1|PK_w0572
dbo|w0573_autoliq_ind_contab|c0573_rowid|1|PK_w0573
dbo|w0575_contratos_sust|c0575_rowid|1|PK_w0575
dbo|w0576_dist_dev_modelo|c0576_rowid|1|PK_w0576
dbo|w0577_dist_dev_modelo_det|c0577_rowid|1|PK_w0577
dbo|w0580_periodos_nomina|c0580_id_cia|1|PK_w0580
dbo|w0580_periodos_nomina|c0580_ano|2|PK_w0580
dbo|w0580_periodos_nomina|c0580_rowid_tipo_nomina|3|PK_w0580
dbo|w0581_periodos_nomina_detalle|c0581_id_cia|1|PK_w0581
dbo|w0581_periodos_nomina_detalle|c0581_ano|2|PK_w0581
dbo|w0581_periodos_nomina_detalle|c0581_rowid_tipo_nomina|3|PK_w0581
dbo|w0581_periodos_nomina_detalle|c0581_nro_periodo|4|PK_w0581
dbo|w0588_log_cuota|c0588_rowid|1|PK_w0588
dbo|w0589_equiv_sust_patronal|c0589_id_cia|1|PK_w0589
dbo|w0589_equiv_sust_patronal|c0589_ind_tipo|2|PK_w0589
dbo|w0589_equiv_sust_patronal|c0589_id_destino|3|PK_w0589
dbo|w0590_equiv_causacion|c0590_rowid|1|PK_w0590
dbo|w0591_equiv_consolidacion|c0591_rowid|1|PK_w0591
dbo|w0592_equiv_autoliquidacion|c0592_rowid|1|PK_w0592
dbo|w0593_equiv_causacion_ex|c0593_rowid|1|PK_w0593
dbo|w0594_equiv_consolidacion_ex|c0594_rowid|1|PK_w0594
dbo|w0595_pcuentas_aux|c0595_codigo|1|PK_w0595_pcuentas
dbo|w0596_equiv_generales|c0596_id_cia|1|PK_w0596_equiv_generales
dbo|w0596_equiv_generales|c0596_ind_tipo|2|PK_w0596_equiv_generales
dbo|w0596_equiv_generales|c0596_id_origen|3|PK_w0596_equiv_generales
dbo|w0597_equiv_causac_fesi|c0597_id_cia|1|PK_w0597
dbo|w0597_equiv_causac_fesi|c0597_rowid_cpto|2|PK_w0597
dbo|w0597_equiv_causac_fesi|c0597_id_grupo_ccosto|3|PK_w0597
dbo|w0597_equiv_causac_fesi|c0597_rowid_grupo_empleados|4|PK_w0597
dbo|w0598_equiv_autoliquid_ex|c0598_rowid|1|PK_w0598
dbo|w0599_retefuente_pais|c0599_rowid|1|PK_w0599
dbo|w0600_docto_nomina|c0600_rowid|1|PK_w0600
dbo|w0601_docto_nomina_emp|c0601_rowid_docto|1|PK_w0601
dbo|w0601_docto_nomina_emp|c0601_rowid_tercero|2|PK_w0601
dbo|w0601_docto_nomina_emp|c0601_rowid_contrato|3|PK_w0601
dbo|w0602_movto_nomina|c0602_rowid|1|PK_w0602
dbo|w0603_movto_nomina_segsoc|c0603_rowid|1|PK_w0603
dbo|w0604_movto_nomina_rtefte|c0604_rowid|1|PK_w0604
dbo|w0605_movto_nomina_prestac|c0605_rowid|1|PK_w0605
dbo|w0606_movto_nomina_acumul|c0606_rowid|1|PK_w0606_1
dbo|w0607_movto_nomina_acumul_det|c0607_rowid|1|PK_w0607_1
dbo|w0608_rtefte_conting_empl|c0608_rowid|1|PK_w0608
dbo|w0609_recalculo_porc_rtefte|c0609_rowid|1|PK_w0609
dbo|w0610_tiempo_no_laborado|c0610_rowid|1|PK_w0610
dbo|w0611_tiempo_no_labor_detalle|c0611_rowid|1|PK_w0611
dbo|w0612_codigos_diagnosticos|c0612_id|1|PK_w0612_motivos_retiro
dbo|w0613_abono_tnl|c0613_rowid|1|PK_w0613
dbo|w0614_movto_nomina_rtefte|c0614_rowid|1|PK_w0614
dbo|w0615_vacaciones|c0615_id_cia|1|PK_w0615_vacaciones
dbo|w0615_vacaciones|c0615_rowid_concepto|2|PK_w0615_vacaciones
dbo|w0616_vacaciones_programacion|c0616_rowid|1|PK_w0616_1
dbo|w0617_vacaciones_libro_fiscal|c0617_rowid|1|PK_w0617
dbo|w0618_ausentismos|c0618_rowid|1|PK_w0618
dbo|w0619_aud_retencion_sv|c0619_rowid|1|PK_w0619
dbo|w0620_cuotas|c0620_rowid|1|PK_w0620_1
dbo|w0621_movto_cuotas|c0621_rowid|1|PK_w0621_movto_cuotas
dbo|w0622_cuotas_gpo_empleados|c0622_rowid_gpo_empl|1|PK_w0622
dbo|w0623_cuotas_gpo_empl_cargo|c0623_rowid_gpo_empl|1|PK_w0623
dbo|w0623_cuotas_gpo_empl_cargo|c0623_rowid_cargo|2|PK_w0623
dbo|w0624_cuotas_gpo_empl_contra|c0624_rowid_gpo_empl|1|PK_w0624
dbo|w0624_cuotas_gpo_empl_contra|c0624_rowid_tercero|2|PK_w0624
dbo|w0624_cuotas_gpo_empl_contra|c0624_rowid_contrato|3|PK_w0624
dbo|w0625_prestamos|c0625_rowid|1|PK_w0625
dbo|w0626_prestamos_cuotas_extras|c0626_rowid|1|PK_w0626
dbo|w0627_prestamos_plan_pagos|c0627_rowid|1|PK_w0627
dbo|w0628_prestamos_abonos|c0628_rowid|1|PK_w0628_prestamos_abonos
dbo|w0629_prestamos_estados|c0629_rowid|1|PK_w0629_prestamos_estados
dbo|w0630_parametros_automaticos|c0630_rowid|1|PK_w0630
dbo|w0631_param_auto_cuotas|c0631_rowid_parametros|1|PK_w0631_param_auto_cuotas
dbo|w0631_param_auto_cuotas|c0631_rowid_cpto|2|PK_w0631_param_auto_cuotas
dbo|w0632_convencion|c0632_rowid|1|PK_w0632
dbo|w0633_detalle_convencion|c0633_id_cia|1|PK_w0633
dbo|w0633_detalle_convencion|c0633_rowid_convencion|2|PK_w0633
dbo|w0633_detalle_convencion|c0633_dias_desde|3|PK_w0633
dbo|w0633_detalle_convencion|c0633_dias_hasta|4|PK_w0633
dbo|w0634_param_liq_prestac|c0634_rowid_parametros|1|PK_w0634
dbo|w0634_param_liq_prestac|c0634_rowid_cpto|2|PK_w0634
dbo|w0635_recalc_porc_rtefte_rt|c0635_rowid|1|PK_w0635
dbo|w0636_docto_correccion|c0636_rowid|1|PK_w0636
dbo|w0637_movto_correc_entid|c0637_rowid|1|PK_w0637
dbo|w0638_movto_correc_emp|c0638_rowid|1|PK_w0638
dbo|w0639_reg_novedades_correc|c0639_rowid|1|PK_w0639
dbo|w0640_docto_autoliquid|c0640_rowid|1|PK_w0640
dbo|w0641_movto_nomina_acu_det|c0641_rowid|1|PK_w0641
dbo|w0642_reg_novedades|c0642_rowid|1|PK_w0642
dbo|w0643_autoliquid_sucursales|c0643_id_cia|1|PK_w0643
dbo|w0643_autoliquid_sucursales|c0643_id|2|PK_w0643
dbo|w0644_autoliquid_parametros|c0644_id_cia|1|PK_w0644
dbo|w0644_autoliquid_parametros|c0644_ano|2|PK_w0644
dbo|w0644_autoliquid_parametros|c0644_id_sucursal|3|PK_w0644
dbo|w0645_movto_autoliquid_entid|c0645_rowid|1|PK_w0645_1
dbo|w0646_movto_autoliquid_empl|c0646_rowid|1|PK_w0646
dbo|w0647_movto_autoliquid_emplupc|c0647_rowid|1|PK_w0647
dbo|w0648_docto_aju_autoliquid|c0648_rowid|1|PK_w0648
dbo|w0650_docto_consolidacion|c0650_rowid|1|PK_w0650
dbo|w0651_movto_consolidacion|c0651_rowid|1|PK_w0651
dbo|w0652_contabilizacion_detalle|c0652_rowid|1|PK_w0652
dbo|w0653_param_comp_flex|c0653_rowid_parametros|1|PK_w0653
dbo|w0653_param_comp_flex|c0653_rowid_cpto|2|PK_w0653
dbo|w0654_consolidac_detalle|c0654_rowid|1|PK_w0654
dbo|w0655_docto_contab_cruce_inc|c0655_rowid|1|PK_w0655
dbo|w0656_tipo_prestamo|c0656_rowid|1|PK_w0656
dbo|w0657_solicitud_prestamo|c0657_rowid|1|PK_w0657
dbo|w0658_aprobacion_solicitud|c0658_rowid|1|PK_w0658
dbo|w0659_usuario_empleado|c0659_rowid|1|PK_w0659
dbo|w0661_embargos_judiciales|c0661_id_cia|1|PK_w0661_embargos_judiciales
dbo|w0661_embargos_judiciales|c0661_rowid_tercero|2|PK_w0661_embargos_judiciales
dbo|w0661_embargos_judiciales|c0661_rowid_contrato|3|PK_w0661_embargos_judiciales
dbo|w0661_embargos_judiciales|c0661_nro_registro|4|PK_w0661_embargos_judiciales
dbo|w0664_auditoria_retroactivo|c0664_rowid|1|PK_w0664
dbo|w0665_reglas_directorio|c0665_rowid|1|PK_w0665
dbo|w0666_reglas_tipos_prestamos|c0666_rowid|1|PK_w0666
dbo|w0667_reglas_solicitud_prest|c0667_rowid|1|PK_w0667
dbo|w0668_tnl_castigo_dom|c0668_rowid|1|PK_w0668
dbo|w0669_retencion_empl|c0669_rowid|1|PK_w0669
dbo|w0670_docto_contab_pagos|c0670_rowid|1|PK_w0670
dbo|w0673_contab_pagos_cuentas|c0673_rowid|1|PK_w0673
dbo|w0674_contab_autoliq|c0674_rowid|1|PK_w0674_contab_autoliq
dbo|w0675_tipos_pensionado|c0675_rowid|1|PK_w0675
dbo|w0676_tipos_pension|c0676_rowid|1|PK_w0676
dbo|w0677_terceros_pensionados|c0677_rowid|1|PK_w0677
dbo|w0678_orden_liquidacion|c0678_rowid|1|PK_w0678
dbo|w0679_otros_datos_contratos|c0679_rowid|1|PK_w0679
dbo|w0680_ag_param_cert_ing_ret|c0680_rowid_portal_ag|1|PK_w0680
dbo|w0680_ag_param_cert_ing_ret|c0680_ano|2|PK_w0680
dbo|w0680_ag_param_cert_ing_ret|c0680_id_cia|3|PK_w0680
dbo|w0680_ag_param_cert_ing_ret|c0680_rowid_certif_w0052|4|PK_w0680
dbo|w0681_ag_param_certificados|c0681_rowid_portal_ag|1|PK_W0681
dbo|w0681_ag_param_certificados|c0681_id_cia|2|PK_W0681
dbo|w0681_ag_param_certificados|c0681_id|3|PK_W0681
dbo|w0681_ag_param_certificados|c0681_descripcion|4|PK_W0681
dbo|w0682_ag_param_vacaciones|c0682_rowid_portal|1|PK_w0682
dbo|w0682_ag_param_vacaciones|c0682_id_cia|2|PK_w0682
dbo|w0682_ag_param_vacaciones|c0682_rowid_terc_aprob|3|PK_w0682
dbo|w0683_ag_param_volante|c0683_rowid_portal_ag|1|PK_w0683
dbo|w0683_ag_param_volante|c0683_id_cia|2|PK_w0683
dbo|w0683_ag_param_volante|c0683_id|3|PK_w0683
dbo|w0684_ag_param_cptos|c0684_rowid|1|PK_w0684
dbo|w0685_ag_param_cptos_detalle|c0685_rowid|1|PK_w0685
dbo|w0686_ag_param_cptos_usuario|c0686_rowid|1|PK_w0686
dbo|w0687_ag_param_centro_imp_std|c0687_rowid_portal_ag|1|PK_w0687
dbo|w0687_ag_param_centro_imp_std|c0687_id_cia|2|PK_w0687
dbo|w0687_ag_param_centro_imp_std|c0687_id|3|PK_w0687
dbo|w0687_ag_param_centro_imp_std|c0687_descripcion|4|PK_w0687
dbo|w0688_ag_param_contratos|c0688_rowid|1|PK_w0688
dbo|w0689_docto_prenom_empl|c0689_rowid|1|PK_w0689
dbo|w0690_docto_novedades_nom|c0690_rowid|1|PK_w0690
dbo|w0691_desta_unidad_medida|c0691_rowid|1|PK_w0691
dbo|w0692_desta_ubicaciones|c0692_rowid|1|PK_w0692_desta_ubicaciones
dbo|w0693_nom_des_actividades|c0693_rowid|1|PK_w0693
dbo|w0694_nom_des_rangos_act|c0694_rowid|1|PK_w0694
dbo|w0695_nom_des_novedades|c0695_rowid|1|PK_w0695_1
dbo|w0696_tarea_min|c0696_rowid|1|PK_w0696
dbo|w0697_fecha_vig_tarea_min|c0697_rowid|1|PK_w0697
dbo|w0698_para_liq_rest|c0698_rowid|1|PK_w0698
dbo|w0699_rangos_rest|c0699_rowid|1|PK_w0699
dbo|w0700_calculos_sector_publico|c0700_rowid|1|PK_w0700
dbo|w0701_gh01_idiomas|c0701_rowid|1|PK_w0701
dbo|w0702_gh01_nivel_academico|c0702_rowid|1|PK_w0702
dbo|w0703_gh01_profesiones|c0703_id|1|PK_w0703_gh01_profesiones
dbo|w0704_gh01_tarjecredito|c0704_rowid|1|PK_w0704
dbo|w0705_gh01_motivos_retiro|c0705_id|1|PK_w0705_gh01_motivos_retiro
dbo|w0706_gh01_tipos_vivienda|c0706_rowid|1|PK_w0706
dbo|w0707_gh01_tipos_vehiculo|c0707_rowid|1|PK_w0707
dbo|w0708_gh01_parentescos|c0708_rowid|1|PK_w0708
dbo|w0709_gh01_ocupaciones|c0709_rowid|1|PK_w0709
dbo|w0710_gh01_aficiones|c0710_rowid|1|PK_w0710
dbo|w0711_gh01_deportes|c0711_rowid|1|PK_w0711
dbo|w0712_gh01_ent_educativas|c0712_rowid|1|PK_w0712
dbo|w0713_tipos_cursos|c0713_rowid|1|PK_w0713
dbo|w0714_cursos|c0714_rowid|1|PK_w0714
dbo|w0715_sectores_economicos|c0715_rowid|1|PK_w0715
dbo|w0716_parametros_gp_cia|c0716_rowid|1|PK_w0716
dbo|w0720_gh02_empleados_vivienda|c0720_rowid|1|PK_w0720
dbo|w0721_gh02_empl_vehiculos|c0721_rowid|1|PK_w0721
dbo|w0722_gh02_empl_cuentas|c0722_rowid|1|PK_w0722
dbo|w0723_gh02_empl_tarjecredito|c0723_rowid|1|PK_w0723
dbo|w0724_gh02_empl_ingresos_fam|c0724_rowid|1|PK_w0724
dbo|w0725_gh02_empl_academia|c0725_rowid|1|PK_w0725
dbo|w0726_gh02_empl_profesiones|c0726_rowid|1|PK_w0726
dbo|w0727_gh02_empl_idiomas|c0727_rowid|1|PK_w0727
dbo|w0728_gh02_empl_referencias|c0728_rowid|1|PK_w0728
dbo|w0729_gh02_empl_exp_laboral|c0729_rowid|1|PK_w0729
dbo|w0730_gh02_empl_fam_cargo|c0730_rowid|1|PK_w0730
dbo|w0731_gh02_empl_aficiones|c0731_rowid|1|PK_w0731
dbo|w0732_gh02_empl_ocupaciones|c0732_rowid|1|PK_w0732
dbo|w0733_gh02_empl_deportes|c0733_rowid|1|PK_w0733
dbo|w0734_gh02_empl_asociaciones|c0734_rowid|1|PK_w0734
dbo|w0735_gh02_empl_enfermedades|c0735_rowid|1|PK_w0735
dbo|w0736_gh02_empl_salud|c0736_rowid|1|PK_w0736
dbo|w0737_empl_cursos|c0737_rowid|1|PK_w0737
dbo|w0749_gh02_cargo_niv_acad|c0749_rowid|1|PK_w0749
dbo|w0750_areas_organizacion|c0750_id|1|PK_w0750_areas_organizacion
dbo|w0751_gh01_grados_madurez|c0751_id|1|PK_w0751_gh01_grados_madurez
dbo|w0752_gh01_nivel_comp|c0752_rowid|1|PK_w0752
dbo|w0753_gh01_competencias|c0753_id|1|PK_w0753_gh01_competencias_1
dbo|w0754_gh01_tipo_contacto|c0754_rowid|1|PK_w0754
dbo|w0755_gh01_frecuencia_cont|c0755_rowid|1|PK_w0755
dbo|w0756_gh01_items_conocimi|c0756_id|1|PK_w0756_gh01_items_conocimi
dbo|w0757_gh01_experiencia|c0757_id|1|PK_w0757_gh01_experiencia
dbo|w0758_gh01_ind_gestion|c0758_id|1|PK_w0758_gh01_ind_gestion
dbo|w0759_gh01_funciones|c0759_id|1|PK_w0759_gh01_funciones
dbo|w0760_gh01_fuentes_recluta|c0760_rowid|1|PK_w0760
dbo|w0761_gh01_estados_selec|c0761_rowid|1|PK_w0761
dbo|w0762_gh01_motivo_no_selec|c0762_rowid|1|PK_w0762
dbo|w0763_gh01_cargos|c0763_rowid|1|PK_w0763_gh01_cargos
dbo|w0764_gh02_cargo_ind|c0764_rowid|1|PK_w0764_gh02_cargos_ind
dbo|w0765_gh02_cargo_funciones|c0765_rowid|1|PK_w0765_gh02_cargo_funciones
dbo|w0766_gh02_cargo_entra_sale|c0766_rowid|1|PK_w0766_gh02_cargo_entra_sale
dbo|w0767_gh02_cargo_estudios|c0767_rowid|1|PK_w0767_gh02_cargo_estudios
dbo|w0768_gh02_cargo_conocimi|c0768_rowid|1|PK_w0768_gh02_cargo_conocimi
dbo|w0769_gh02_cargo_experien|c0769_rowid|1|PK_w0769_gh02_cargo_experien
dbo|w0770_gh02_cargo_competen|c0770_rowid|1|PK_w0770_gh02_cargo_competen
dbo|w0771_gh02_cargo_contactos|c0771_rowid|1|PK_w0771_gh02_cargo_contactos
dbo|w0772_gh02_cargo_idiomas|c0772_rowid|1|PK_w0772_gh02_cargo_idiomas
dbo|w0773_gh01_estructuras|c0773_rowid|1|PK_w0773_1
dbo|w0774_estructura_organigrama|c0774_rowid|1|PK_w0774_1
dbo|w0775_gh02_cargos_rangos|c0775_rowid_cargo|1|PK_w0775_gh02_cargos_rangos
dbo|w0775_gh02_cargos_rangos|c0775_porc_hasta|2|PK_w0775_gh02_cargos_rangos
dbo|w0776_gh01_cla_nal_ocupaci|c0776_id|1|PK_w0776_gh01_cla_nal_ocupaci
dbo|w0777_gh01_motiv_requis|c0777_id|1|PK_w0777_gh01_motiv_requis
dbo|w0778_gh02_requisi_personal|c0778_rowid|1|PK_w0778_gh02_requisi_personal
dbo|w0779_gh01_origen_etnico|c0779_rowid|1|PK_w0779
dbo|w0780_gh01_clase_social|c0780_rowid|1|PK_w0780
dbo|w0781_gh02_req_prospectos|c0781_rowid_req|1|PK_w0781_gh02_req_prospectos
dbo|w0781_gh02_req_prospectos|c0781_rowid_prospecto|2|PK_w0781_gh02_req_prospectos
dbo|w0782_req_prosp_estudios|c0782_rowid_req|1|PK_w0782_req_prosp_estudios
dbo|w0782_req_prosp_estudios|c0782_rowid_prospecto|2|PK_w0782_req_prosp_estudios
dbo|w0782_req_prosp_estudios|c0782_id_estudios|3|PK_w0782_req_prosp_estudios
dbo|w0783_req_prosp_conoc|c0783_rowid_req|1|PK_w0783_req_prosp_conoc
dbo|w0783_req_prosp_conoc|c0783_rowid_prospecto|2|PK_w0783_req_prosp_conoc
dbo|w0783_req_prosp_conoc|c0783_items_conocimi|3|PK_w0783_req_prosp_conoc
dbo|w0784_req_prosp_exp|c0784_rowid_req|1|PK_w0784_req_prosp_exp
dbo|w0784_req_prosp_exp|c0784_rowid_prospecto|2|PK_w0784_req_prosp_exp
dbo|w0784_req_prosp_exp|c0784_id_exp|3|PK_w0784_req_prosp_exp
dbo|w0785_req_prosp_comp|c0785_rowid_req|1|PK_w0785_req_prosp_comp
dbo|w0785_req_prosp_comp|c0785_rowid_prospecto|2|PK_w0785_req_prosp_comp
dbo|w0785_req_prosp_comp|c0785_id_comp|3|PK_w0785_req_prosp_comp
dbo|w0786_req_prosp_idiomas|c0786_rowid|1|PK_w0786
dbo|w0787_req_prosp_pruebas|c0787_rowid|1|PK_w0787
dbo|w0788_req_prosp_prueba_tema|c0788_rowid|1|PK_w0788
dbo|w0789_req_prosp_niv_acad|c0789_rowid|1|PK_w0789
dbo|w0790_gh01_temas|c0790_rowid|1|PK_w0790
dbo|w0791_gh01_pruebas|c0791_rowid|1|PK_w0791
dbo|w0792_gh02_temas_por_prueba|c0792_rowid|1|PK_w0792_gh02_temas_por_prueba
dbo|w0793_gh02_prueba_cargo|c0793_rowid|1|PK_w0793_gh02_prueba_cargo
dbo|w0794_gh01_sitios|c0794_rowid|1|PK_w0794
dbo|w0795_gh01_recursos|c0795_rowid|1|PK_w0795
dbo|w0796_gh01_gastos_asociados|c0796_rowid|1|PK_w0796
dbo|w0797_gh02_prueba_recursos|c0797_rowid|1|PK_w0797
dbo|w0798_gh02_prueba_gastos|c0798_rowid|1|PK_w0798
dbo|w0800_equipos|c0800_id|1|PK_w0800
dbo|w0801_parametros_cia|c0801_id_cia|1|PK_w0801
dbo|w0802_revisiones|c0802_rowid|1|PK_w0802
dbo|w0803_tipos_equipos|c0803_rowid|1|PK_w0803
dbo|w0804_fallas_tipos_equipos|c0804_rowid|1|PK_w0804
dbo|w0805_causales_fallas|c0805_rowid|1|PK_w0805
dbo|w0806_planes_mnto|c0806_rowid|1|PK_w0806
dbo|w0807_partes_plan|c0807_rowid|1|PK_w0807
dbo|w0808_actividades_plan|c0808_rowid|1|PK_w0808_1
dbo|w0809_repuestos|c0809_rowid_item_ext|1|PK_w0809
dbo|w0810_clases_equipos|c0810_rowid|1|PK_w0810
dbo|w0811_localidades|c0811_rowid|1|PK_w0811
dbo|w0812_procedimientos|c0812_rowid|1|PK_w0812
dbo|w0813_clases_actividades|c0813_rowid|1|PK_w0813
dbo|w0814_maestro_planeacion|c0814_id_equipo|1|PK_w0814
dbo|w0814_maestro_planeacion|c0814_rowid_plan_mnto|2|PK_w0814
dbo|w0814_maestro_planeacion|c0814_rowid_actividad|3|PK_w0814
dbo|w0815_movto_lecturas|c0815_rowid|1|PK_w0815
dbo|w0816_docto_solicitudes_mnto|c0816_rowid|1|PK_w0816
dbo|w0817_movto_solicitudes_mnto|c0817_rowid|1|PK_w0817
dbo|w0818_movto_mediciones|c0818_rowid|1|PK_w0818
dbo|w0819_mnto_no_rutinario|c0819_rowid|1|PK_w0819
dbo|w0820_doctos_ot|c0820_rowid|1|PK_w0820
dbo|w0821_equipos_ot|c0821_rowid|1|PK_w0821
dbo|w0822_actividades_ot|c0822_rowid|1|PK_w0822
dbo|w0823_equipos_repuestos|c0823_rowid|1|PK_w0823
dbo|w0824_maestro_planea_local|c0824_rowid_localidad|1|PK_w0824
dbo|w0824_maestro_planea_local|c0824_rowid_plan_mnto|2|PK_w0824
dbo|w0824_maestro_planea_local|c0824_rowid_actividad|3|PK_w0824
dbo|w0825_bitacora_mnto|c0825_rowid|1|PK_w0825
dbo|w0826_categorias_operarios|c0826_rowid|1|PK_w0826
dbo|w0827_operarios|c0827_rowid|1|PK_w0827_operarios_1
dbo|w0828_docto_req_docto_ot|c0828_rowid_docto_req|1|PK_w0828
dbo|w0829_movto_req_equipos_ot|c0829_rowid_movto_req|1|PK_w0829
dbo|w0830_sol_compra_ot|c0830_rowid_movto_sc|1|PK_w0830
dbo|w0831_desc_tecnicas|c0831_id|1|PK_w0831
dbo|w0832_desc_tecnicas_campos|c0832_rowid|1|PK_w0832
dbo|w0833_desc_tecnicas_campos_op|c0833_rowid|1|PK_w0833
dbo|w0834_equipos_desc_tecnicas|c0834_id_equipo|1|PK_w0834
dbo|w0834_equipos_desc_tecnicas|c0834_rowid_campo|2|PK_w0834
dbo|w0835_motivos_paro|c0835_rowid|1|PK_w0835
dbo|w0836_motivos_paro_ot|c0836_rowid|1|PK_w0836
dbo|w0837_estados_proceso|c0837_id_cia|1|PK_w0837_1
dbo|w0837_estados_proceso|c0837_id|2|PK_w0837_1
dbo|w0838_transicion_estados_proc|c0838_rowid|1|PK_w0838_1
dbo|w0839_transicion_estado_user|c0839_rowid_transicion_estado|1|PK_w0839_1
dbo|w0839_transicion_estado_user|c0839_rowid_usuario|2|PK_w0839_1
dbo|w0840_log_estados_proceso|c0840_rowid|1|PK_w0840_1
dbo|w0841_repuestos_actividades_ot|c0841_rowid|1|PK_w0841
dbo|w0842_local_desc_tecnicas|c0842_rowid_localidad|1|PK_w0842
dbo|w0842_local_desc_tecnicas|c0842_rowid_campo|2|PK_w0842
dbo|w0843_criterios_equipo_planes|c0843_id|1|PK_w0843
dbo|w0844_criterios_equipo_mayores|c0844_id_plan|1|PK_w0844
dbo|w0844_criterios_equipo_mayores|c0844_id|2|PK_w0844
dbo|w0845_equipos_criterios|c0845_id_equipo|1|PK_w0845
dbo|w0845_equipos_criterios|c0845_id_plan|2|PK_w0845
dbo|w0846_movto_actividades_ot|c0846_rowid|1|PK_w0846
dbo|w0847_movto_actividades_tareas|c0847_rowid|1|PK_w0847
dbo|w0848_actividades_plan_tareas|c0848_rowid|1|PK_w0848
dbo|w0849_grupos_ot|c0849_rowid|1|PK_w0849
dbo|w0850_movto_lect_actividad|c0850_rowid|1|PK_w0850
dbo|w0900_gh01_motivo_evalua|c0900_rowid|1|PK_w0900
dbo|w0901_gh02_dcto_evaluacion|c0901_rowid|1|PK_w0901_gh02_dcto_evaluacion
dbo|w0902_gh02_dcto_evalua_empl|c0902_rowid_docto|1|PK_w0902_gh02_dcto_evalua_empl
dbo|w0902_gh02_dcto_evalua_empl|c0902_rowid_tercero|2|PK_w0902_gh02_dcto_evalua_empl
dbo|w0902_gh02_dcto_evalua_empl|c0902_rowid_contrato|3|PK_w0902_gh02_dcto_evalua_empl
dbo|w0903_gh01_motivo_auxilio|c0903_id|1|PK_w0903_gh01_motivo_auxilio
dbo|w0904_gh01_tipos_curso|c0904_rowid|1|PK_w0904
dbo|w0905_gh01_motivos_ausencia|c0905_rowid|1|PK_w0905
dbo|w0906_gh01_clase_necesidad|c0906_rowid|1|PK_w0906
dbo|w0907_gh02_sitios_recursos|c0907_rowid|1|PK_w0907
dbo|w0908_gh02_sitios_gastos|c0908_rowid|1|PK_w0908
dbo|w0909_gh01_curso_temas|c0909_rowid|1|PK_w0909
dbo|w0910_gh02_curso_tema_comp|c0910_rowid|1|PK_w0910
dbo|w0911_gh02_curso_tema_conoc|c0911_rowid|1|PK_w0911
dbo|w0912_gh02_sitio_disponi|c0912_rowid|1|PK_w0912
dbo|w0913_gh01_cursos_gastos|c0913_rowid|1|PK_w0913
dbo|w0915_gh01_curso|c0915_rowid|1|PK_w0915
dbo|w0916_gh02_curso_sitios|c0916_rowid|1|PK_w0916
dbo|w0917_gh02_curso_prerrequi|c0917_rowid|1|PK_w0917
dbo|w0918_gh01_instructor|c0918_rowid|1|PK_w0918
dbo|w0919_gh02_instruc_cur_auto|c0919_rowid|1|PK_w0919
dbo|w0920_gh02_instruc_cur_dict|c0920_rowid|1|PK_w0920_gh02_instruc_cur_dict
dbo|w0921_gh02_curso_horarios|c0921_rowid|1|PK_w0921
dbo|w0922_gh02_curso_programa|c0922_rowid|1|PK_w0922
dbo|w0923_gh02_curso_necesidad|c0923_rowid|1|PK_w0923_gh02_curso_necesidad
dbo|w0924_gh02_doc_capacitacion|c0924_rowid|1|PK_w0924_gh02_doc_capacitacion
dbo|w0925_gh02_doc_cap_empl|c0925_rowid|1|PK_w0925_gh02_doc_cap_empl
dbo|w0926_gh02_doc_cap_empl_prog|c0926_rowid|1|PK_w0926
dbo|w0927_gh02_cargos_preguntas|c0927_rowid|1|PK_w0927_cargos_preguntas
dbo|w0928_gh02_dcto_evaluadores|c0928_rowid_docto|1|PK_w0928_g02_dcto_evaluadores
dbo|w0928_gh02_dcto_evaluadores|c0928_rowid_tercero|2|PK_w0928_g02_dcto_evaluadores
dbo|w0928_gh02_dcto_evaluadores|c0928_rowid_contrato|3|PK_w0928_g02_dcto_evaluadores
dbo|w0928_gh02_dcto_evaluadores|c0928_rowid_evaluador|4|PK_w0928_g02_dcto_evaluadores
dbo|w0929_docto_salarios|c0929_rowid|1|PK_w0929_docto_salarios
dbo|w0930_docto_sal_empl|c0930_rowid|1|PK_w0930_docto_sal_empl
dbo|w0931_gh02_dcto_eva_emp_preg|c0931_rowid|1|PK_w0931_1
dbo|w0932_gh02_curso_prog_doc|c0932_rowid|1|PK_w0932_1
dbo|w0933_gh02_doc_cap_gastos|c0933_rowid|1|PK_w0933
dbo|w0934_tipo_encuesta|c0934_rowid|1|PK_w0934
dbo|w0935_firmas_autorizadas|c0935_rowid_tercero|1|PK_w0935_1
dbo|w0936_encuesta|c0936_rowid|1|PK_w0936_1
dbo|w0937_preguntas|c0937_rowid|1|PK_w0937_1
dbo|w0938_preguntas_seleccion|c0938_rowid|1|PK_w0938_1
dbo|w0939_doc_encuesta|c0939_rowid|1|PK_w0939_1
dbo|w0940_doc_encuesta_prosp|c0940_rowid|1|PK_w0940_1
dbo|w0941_indicadores|c0941_id|1|PK_w0941
dbo|w0942_doc_encuesta_prosp_resp|c0942_rowid|1|PK_w0942_1
dbo|w0943_tipos_seleccion|c0943_rowid|1|PK_w0943
dbo|w0944_tipos_seleccion_det|c0944_rowid|1|PK_w0944
dbo|w0945_gh02_doc_req_gastos|c0945_rowid|1|PK_w0945
dbo|w0946_gh02_doc_eva_gastos|c0946_rowid|1|PK_w0946
dbo|w0947_gh02_respuestas|c0947_rowid|1|PK_w0947
dbo|w0948_gh02_cargos_preg_resp|c0948_rowid|1|PK_w0948
dbo|w0949_tipo_acciones|c0949_rowid|1|PK_w0949
dbo|w0951_organigramas_cargos|c0951_rowid_cargo|1|PK_w09511
dbo|w0951_organigramas_cargos|c0951_id_cia|2|PK_w09511
dbo|w0951_organigramas_cargos|c0951_rowid_organigrama|3|PK_w09511
dbo|w0951_organigramas_cargos|c0951_rowid_estructura|4|PK_w09511
dbo|w0952_contrato_organigrama|c0952_rowid_contrato|1|PK_w0952
dbo|w0952_contrato_organigrama|c0952_id_cia|2|PK_w0952
dbo|w0952_contrato_organigrama|c0952_rowid_organigrama|3|PK_w0952
dbo|w0952_contrato_organigrama|c0952_rowid_estructura|4|PK_w0952
dbo|w0953_dcto_eva_emp_plan_mej|c0953_rowid|1|PK_w0953
dbo|w0954_dcto_eva_emp_pm_segui|c0954_rowid|1|PK_w0954
dbo|w0955_requisi_experiencia|c0955_rowid|1|PK_w0955
dbo|w0956_requisi_exp_grado_mad|c0956_rowid|1|PK_w0956
dbo|w0957_requisi_estudios|c0957_rowid|1|PK_w0957
dbo|w0958_requisi_est_grado_mad|c0958_rowid|1|PK_w0958
dbo|w0959_requisi_competencias|c0959_rowid|1|PK_w0959
dbo|w0960_requisi_comp_grado_mad|c0960_rowid|1|PK_w0960
dbo|w0961_requisi_conocimientos|c0961_rowid|1|PK_w0961
dbo|w0962_requisi_cono_grado_mad|c0962_rowid|1|PK_w0962
dbo|w0963_requisi_cursos|c0963_rowid|1|PK_w0963
dbo|w0964_evaluadores_usuarios|c0964_rowid|1|PK_w0964
dbo|w0965_prospec_descart_habil|c0965_rowid|1|PK_w0965
dbo|w0966_modulos|c0966_rowid|1|PK_w0966
dbo|w0967_motivos|c0967_rowid|1|PK_w0967
dbo|w0968_gh01_tipo_funciones|c0968_rowid|1|PK_w0968
dbo|w0969_repor_diccionar_campos|c0969_rowid|1|PK_w0969
dbo|w0970_reportes_usuario|c0970_rowid|1|PK_w0970
dbo|w0971_repor_usuar_campos|c0971_rowid|1|PK_w0971
dbo|w0972_repor_usuar_orden_clase|c0972_rowid|1|PK_w0972
dbo|w0973_repor_origenes|c0973_rowid|1|PK_w0973
dbo|w0974_repor_clases|c0974_rowid|1|PK_w0974
dbo|w0975_evaluaciones_desempeno|c0975_rowid|1|PK_w0975
dbo|w0976_prospectos_log_unifica|c0976_rowid|1|PK_w0976
dbo|w0977_repor_clases_hojas|c0977_rowid|1|PK_w0977
dbo|w0978_dcto_requis_aprobacion|c0978_rowid|1|PK_w0978
dbo|w0979_maestros_predefinidos|c0979_rowid|1|PK_w0979
dbo|w0986_gh01_compet_niv_orient|c0986_rowid|1|PK_w0986
dbo|w0987_gh01_conoc_niv_orient|c0987_rowid|1|PK_w0987
dbo|w0988_gh01_func_niv_orient|c0988_rowid|1|PK_w0988
dbo|w0989_gh01_indic_niv_orient|c0989_rowid|1|PK_w0989
dbo|w0990_parametros_conexion|c0990_rowid|1|PK_w0990
dbo|w0991_rutinas_log|c0991_rowid|1|PK_w0991
dbo|w0995_middleware_log|c0995_rowid|1|PK_w0995
dbo|w1000_auditorias|c1000_rowid|1|PK_w1000
dbo|w1001_colores|c1001_rowid|1|PK_w1001_colores
dbo|w1010_param_liq_compensados|c1010_rowid|1|PK_w1010_param_liq_compensados
dbo|w1011_distribucion_horarios|c1011_rowid|1|PK_w1011_distribucion_horarios
dbo|w1012_dist_horarios_detalle|c1012_rowid|1|PK_w1012
dbo|w1013_parametro_liquidacion|c1013_rowid|1|PK_w1013_parametro_liquidacion
dbo|w1014_jornadas|c1014_rowid|1|PK_w1014_jornadas_1
dbo|w1015_jornadas_detalle|c1015_rowid|1|PK_w1015_jornadas_detalle
dbo|w1016_turnos|c1016_rowid|1|PK_w1016_turnos
dbo|w1017_turnos_detalle|c1017_rowid|1|PK_w1017_turnos_detalle
dbo|w1018_config_marc_contrato|c1018_rowid|1|PK_w1018
dbo|w1020_asignacion_turnos|c1020_rowid|1|PK_w1020
dbo|w1021_turnos_variables|c1021_rowid|1|PK_w1021_programacion_variable
dbo|w1022_turnos_var_detalle|c1022_rowid|1|PK_w1022
dbo|w1023_turnos_var_parejas|c1023_rowid|1|PK_w1023_prog_variable_parejas
dbo|w1025_turno_esp_ordenamiento|c1025_id|1|PK_w1025
dbo|w1026_turno_esp_parametros|c1026_rowid|1|PK_w1026_1
dbo|w1027_ubicaciones|c1027_rowid|1|PK_w1027
dbo|w1028_modalidad_pago|c1028_rowid|1|PK_w1028
dbo|w1029_modalidad_pago_det|c1029_rowid|1|PK_w1029
dbo|w1030_puestos_trabajo|c1030_rowid|1|PK_w1030
dbo|w1031_param_dias_puesto|c1031_rowid|1|PK_w1031
dbo|w1040_usuarios_documento|c1040_rowid|1|PK_w1040
dbo|w1050_autoriza_novedades|c1050_rowid|1|PK_w1050
dbo|w1051_autoriza_nov_detalle|c1051_rowid|1|PK_w1051
dbo|w1052_movto_novedad_prenom|c1052_rowid|1|PK_w1052
dbo|w1053_modelo_comp_flexible|c1053_rowid|1|PK_w1053
dbo|w1054_vigenc_comp_flexible|c1054_rowid|1|PK_w1054
dbo|w1055_contra_comp_flexible|c1055_rowid|1|PK_w1055
dbo|w1056_contra_comp_flex_det|c1056_rowid|1|PK_w1056
dbo|w1057_parametros_comp_flex|c1057_rowid|1|PK_w1057
dbo|w1058_tasas_cambio|c1058_rowid|1|PK_w1058
dbo|w1059_tasas_cambio_detalle|c1059_rowid|1|PK_w1059
dbo|w1060_asignacion_turnos|c1060_rowid|1|PK_w1060
dbo|w1061_asig_turnos_detalle|c1061_rowid|1|PK_w1061
dbo|w1062_param_turno_jornada|c1062_rowid|1|PK_w1062
dbo|w1063_asig_turno_jornada|c1063_rowid|1|PK_w1063
dbo|w1064_asig_puesto_jornada|c1064_rowid|1|PK_w1064
dbo|w1065_audit_turno_jornada|c1065_rowid|1|PK_w1065
dbo|w1066_horarios_marcacion|c1066_rowid|1|PK_w1066
dbo|w1067_parametro_programacion|c1067_rowid|1|PK_w1067
dbo|w1068_docto_pre_audi_turn_esp|c1068_rowid|1|PK_w1068
dbo|w1070_acuerdo_servicio|c1070_rowid|1|PK_w1070
dbo|w1071_acuerdo_servicio_det|c1071_rowid|1|PK_w1071_acuerdo_servicio_det
dbo|w1072_alista_puesto_srv|c1072_rowid|1|PK_w1072
dbo|w1073_validacion_prog_srv|c1073_rowid|1|PK_w1073
dbo|w1074_log_peticiones_srv|c1074_rowid|1|PK_w1074
dbo|w1075_log_peticiones_det|c1075_rowid|1|PK_w1075
dbo|w1077_recurso_puesto|c1077_rowid|1|PK_w1077
dbo|w1078_restric_pstos_trabajo|c1078_rowid|1|PK_w1078
dbo|w1079_recursos|c1079_rowid|1|PK_w1079
dbo|w1080_indicadores|c1080_rowid|1|PK_w1080
dbo|w1081_color_historico_ind|c1081_rowid|1|PK_w1081
dbo|w1082_historico_indicadores|c1082_rowid|1|PK_w1082
dbo|w1090_grupo_cargos_detalle|c1090_rowid|1|PK_w1090
dbo|w1091_grupo_turnos|c1091_rowid|1|PK_w1091
dbo|w1092_grupo_turnos_detalle|c1092_rowid|1|PK_w1092
dbo|w1095_detalle_liq_vac_extra|c1095_rowid|1|PK_w1095
dbo|w1096_equiv_item_nov_cial|c1096_rowid|1|PK_w1096
dbo|w1097_detalle_item_nov_cial|c1097_rowid|1|PK_w1097
dbo|w1098_detalle_prog_nov_cial|c1098_rowid|1|PK_w1098
dbo|w1099_detalle_srv_nov_cial|c1099_rowid|1|PK_w1099
dbo|w1100_ag_grupo_terc_tipodoc|c1100_rowid|1|PK_w1100
dbo|w1120_grupo_trabajo|c1120_rowid|1|PK_w1120
dbo|w1121_grupo_trabajo_tercero|c1121_rowid|1|PK_w1121
dbo|w1122_grupo_trabajo_usuario|c1122_rowid|1|PK_w1122_grupo_trabajo_usuario
dbo|w1123_ag_solicitud_parametros|c1123_rowid|1|PK_w1123
dbo|w1124_ag_grupos_solicitudes|c1124_rowid|1|PK_w1124
dbo|w1125_ag_regla_grup_solicitud|c1125_rowid|1|PK_w1125
dbo|w1126_ag_solicitudes|c1126_rowid|1|PK_w1126
dbo|w1127_ag_solicitudes_aprobac|c1127_rowid|1|PK_w1127
dbo|w1128_ag_solicitudes_reglas|c1128_rowid|1|PK_w1128
dbo|w1129_tipos_diagnosticos|c1129_rowid|1|PK_w1129
dbo|w1130_ag_usuarios_detalles|c1130_rowid|1|PK_w1130
dbo|w1131_ag_adjuntos_solicitudes|c1131_rowid|1|PK_w1131
dbo|w1132_info_adicional_ag|c1132_rowid|1|PK_w1132
dbo|w1133_empl_inf_adicional_ag|c1133_rowid|1|PK_w1133
dbo|w1134_ag_param_con_capac_empl|c1134_rowid|1|PK_w1134
dbo|w1135_ag_autori_datos_perso|c1135_rowid|1|PK_w1135
dbo|w1150_grossup_modelo|c1150_rowid|1|PK_w1150
dbo|w1151_grossup_contratos|c1151_rowid|1|PK_w1151
dbo|w1160_valor_punto|c1160_rowid|1|PK_w1160
dbo|w1161_modelo_puntos|c1161_rowid|1|PK_w1161
dbo|w1162_formacion_puntos|c1162_rowid|1|PK_w1162_formacion_puntos
dbo|w1163_idioma_puntos|c1163_rowid|1|PK_w1163
dbo|w1164_experiencia_puntos|c1164_rowid|1|PK_w1164
dbo|w1165_modelo_contrato|c1165_rowid|1|PK_w1165
dbo|w1166_puntos_discrecional|c1166_rowid|1|PK_w1166
dbo|w1167_recalc_salario_puntos|c1167_rowid|1|PK_w1167
dbo|w1168_experiencia_valida|c1168_rowid|1|PK_w1168
dbo|w1169_docto_simulacion|c1169_rowid|1|PK_w1169
dbo|w1170_movto_simulacion|c1170_rowid|1|PK_w1170
dbo|w1180_nom_marcacion_bruta|c1180_rowid|1|PK_w1180
dbo|w1181_nom_marcaciones|c1181_rowid|1|PK_w1181
dbo|w1182_nom_marcacion_disp_ext|c1182_rowid|1|PK_w1182
dbo|w1183_nom_marcac_disp_ext_log|c1183_rowid|1|PK_w1183
dbo|w1190_plantilla_program|c1190_rowid|1|PK_w1190
dbo|w1191_detalle_plantilla|c1191_rowid|1|PK_w1191
dbo|w1192_log_programacion|c1192_rowid|1|PK_w1192
dbo|w1193_color_default_prog|c1193_rowid|1|PK_w1193
dbo|w1201_naturaleza_lesion|c1201_rowid|1|PK_w1201
dbo|w1202_parte_cuerpo_afectada|c1202_rowid|1|PK_w1202
dbo|w1203_fuente_lesion|c1203_rowid|1|PK_w1203
dbo|w1204_tipo_accidente|c1204_rowid|1|PK_w1204
dbo|w1205_condicion_insegura|c1205_rowid|1|PK_w1205
dbo|w1206_agente_accidente|c1206_rowid|1|PK_w1206
dbo|w1207_acto_inseguro|c1207_rowid|1|PK_w1207
dbo|w1208_parte_agente|c1208_rowid|1|PK_w1208
dbo|w1209_sitios_ocurrencia|c1209_rowid|1|PK_w1209
dbo|w1210_motivos_ausentismo|c1210_rowid|1|PK_w1210
dbo|w1211_tipo_actividades|c1211_rowid|1|PK_w1211
dbo|w1212_tipo_vacunas|c1212_rowid|1|PK_w1212
dbo|w1213_tipo_examenes|c1213_rowid|1|PK_w1213
dbo|w1214_condiciones_encontr|c1214_rowid|1|PK_w1214
dbo|w1216_grupo_elementos_pp|c1216_rowid|1|PK_w1216
dbo|w1217_elementos_pp|c1217_rowid|1|PK_w1217
dbo|w1218_cargos_elementos_pp|c1218_rowid|1|PK_w1218
dbo|w1219_motivos_entr_dotacion|c1219_rowid|1|PK_w1219
dbo|w1220_motivos_devo_dotacion|c1220_rowid|1|PK_w1220
dbo|w1221_controles_existentes|c1221_rowid|1|PK_w1221
dbo|w1222_medidas_control|c1222_rowid|1|PK_w1222
dbo|w1223_equipos_pp|c1223_rowid|1|PK_w1223
dbo|w1224_equipos_pp_cargo|c1224_rowid|1|PK_w1224
dbo|w1225_mater_prima_sust_pelig|c1225_rowid|1|PK_w1225
dbo|w1226_tipos_riesgo|c1226_rowid|1|PK_w1226
dbo|w1227_tipo_vacunas_dosis|c1227_rowid|1|PK_w1227
dbo|w1228_gpo_elem_dotacion|c1228_rowid|1|PK_w1228
dbo|w1229_elementos_dotacion|c1229_rowid|1|PK_w1229
dbo|w1230_cargos_elementos_dotac|c1230_rowid|1|PK_w1230
dbo|w1231_nivel_deficiencia|c1231_rowid|1|PK_w1231
dbo|w1232_nivel_exposicion|c1232_rowid|1|PK_w1232
dbo|w1233_nivel_consecuencias|c1233_rowid|1|PK_w1233
dbo|w1234_nivel_probabilidad|c1234_rowid|1|PK_w1234
dbo|w1235_nivel_riesgo|c1235_rowid|1|PK_w1235
dbo|w1236_hsi_cargos|c1236_rowid|1|PK_w1236
dbo|w1237_pyp_tipos_programas|c1237_rowid|1|PK_w1237
dbo|w1238_pyp_actividades|c1238_rowid|1|PK_w1238
dbo|w1239_pyp_acciones|c1239_rowid|1|PK_w1239
dbo|w1240_areas|c1240_rowid|1|PK_w1240
dbo|w1241_clase_personas_expues|c1241_rowid|1|PK_w1241
dbo|w1242_equipos_emergencia|c1242_rowid|1|PK_w1242
dbo|w1243_eventos|c1243_rowid|1|PK_w1243
dbo|w1244_factores_personales|c1244_rowid|1|PK_w1244
dbo|w1245_factores_trabajo|c1245_rowid|1|PK_w1245
dbo|w1246_sitios_espec_ocurrencia|c1246_rowid|1|PK_w1246
dbo|w1247_elementos_dotac_tallas|c1247_rowid|1|PK_w1247
dbo|w1248_descripcion_riesgos|c1248_rowid|1|PK_w1248
dbo|w1249_efectos_posibles|c1249_rowid|1|PK_w1249
dbo|w1250_accidente_trabajo|c1250_rowid|1|PK_w1250
dbo|w1251_recomendac_medicas|c1251_rowid|1|PK_w1251
dbo|w1252_recomendac_actividades|c1252_rowid|1|PK_w1252
dbo|w1253_recomendac_plan_acc|c1253_rowid|1|PK_w1253
dbo|w1254_prosp_muerte|c1254_rowid|1|PK_w1254
dbo|w1256_acc_tra_actividades|c1256_rowid|1|PK_w1256
dbo|w1257_dcto_reunion_actas|c1257_rowid|1|PK_w1257
dbo|w1258_dcto_reunion_act_conv|c1258_rowid|1|PK_w1258
dbo|w1259_dcto_reunion_act_ordia|c1259_rowid|1|PK_w1259
dbo|w1261_procesos|c1261_rowid|1|PK_w1261
dbo|w1262_actividades|c1262_rowid|1|PK_w1262
dbo|w1263_tareas|c1263_rowid|1|PK_w1263
dbo|w1264_peligros|c1264_rowid|1|PK_w1264
dbo|w1265_cargos_responsabil_sst|c1265_rowid|1|PK_w1265
dbo|w1266_ccostos_responsabil_sst|c1266_rowid|1|PK_w1266
dbo|w1272_matriz_peligros|c1272_rowid|1|PK_w1272
dbo|w1273_matr_pelig_pers_expue|c1273_rowid|1|PK_w1273
dbo|w1274_matr_pelig_peligros|c1274_rowid|1|PK_w1274
dbo|w1275_matr_pelig_contr_exis|c1275_rowid|1|PK_w1275
dbo|w1276_brigadas_comites|c1276_rowid|1|PK_w1276
dbo|w1277_brigad_comit_integ|c1277_rowid|1|PK_w1277
dbo|w1278_matr_pelig_medid_inter|c1278_rowid|1|PK_w1278
dbo|w1279_matr_pelig_med_int_cgr|c1279_rowid|1|PK_w1279
dbo|w1280_matr_pel_med_int_sgto|c1280_rowid|1|PK_w1280
dbo|w1281_pyp_programas|c1281_rowid|1|PK_w1281
dbo|w1282_docto_programa|c1282_rowid|1|PK_w1282
dbo|w1283_docto_programa_activid|c1283_rowid|1|PK_w1283
dbo|w1284_docto_progr_act_accion|c1284_rowid|1|PK_w1284
dbo|w1285_docto_prog_act_acc_ver|c1285_rowid|1|PK_w1285
dbo|w1286_plan_emergencia|c1286_rowid|1|PK_w1286
dbo|w1287_plan_emerg_areas|c1287_rowid|1|PK_w1287
dbo|w1288_plan_emerg_personas|c1288_rowid|1|PK_w1288
dbo|w1289_plan_emerg_equip_emer|c1289_rowid|1|PK_w1289
dbo|w1290_plan_emerg_recur_exte|c1290_rowid|1|PK_w1290
dbo|w1291_cargo_anteced_person|c1291_rowid|1|PK_w1291
dbo|w1292_cargo_tipos_examenes|c1292_rowid|1|PK_w1292
dbo|w1293_cargo_tipos_vacunas|c1293_rowid|1|PK_w1293
dbo|w1294_cargo_patolog_rechazab|c1294_rowid|1|PK_w1294
dbo|w1295_cargo_tipos_riesgo|c1295_rowid|1|PK_w1295
dbo|w1296_plan_emerg_procedim|c1296_rowid|1|PK_w1296
dbo|w1297_docto_prog_act_ejecuc|c1297_rowid|1|PK_w1297
dbo|w1298_brigad_comit_cronogram|c1298_rowid|1|PK_w1298
dbo|w1299_brigad_comit_cron_sgto|c1299_rowid|1|PK_w1299
dbo|w1301_prospecto_esquema_vac|c1301_rowid|1|PK_w1301
dbo|w1302_prospecto_examenes|c1302_rowid|1|PK_w1302
dbo|w1303_propecto_diagnosticos|c1303_rowid|1|PK_w1303
dbo|w1304_solicit_prosp_exam_vac|c1304_rowid|1|PK_w1304
dbo|w1305_solicit_prosp_examenes|c1305_rowid|1|PK_w1305
dbo|w1306_solicit_prosp_vacunas|c1306_rowid|1|PK_w1306
dbo|w1307_aspectos_evaluac_inic|c1307_rowid|1|PK_w1307
dbo|w1308_politica_segurid_salud|c1308_rowid|1|PK_w1308
dbo|w1309_prosp_elem_dotac_talla|c1309_rowid|1|PK_w1309
dbo|w1310_prospecto_paz_salvo|c1310_rowid|1|PK_w1310
dbo|w1311_solicit_dotac_docto|c1311_rowid|1|PK_w1311
dbo|w1312_solicit_dotac_elem_pp|c1312_rowid|1|PK_w1312
dbo|w1313_solicit_dotac_eqpo_pp|c1313_rowid|1|PK_w1313
dbo|w1314_solicit_dotac_elem_dot|c1314_rowid|1|PK_w1314
dbo|w1315_entrega_dotac_docto|c1315_rowid|1|PK_w1315
dbo|w1316_entrega_dotac_emplead|c1316_rowid|1|PK_w1316
dbo|w1317_entrega_dotac_elem_pp|c1317_rowid|1|PK_w1317
dbo|w1318_entrega_dotac_eqpospp|c1318_rowid|1|PK_w1318
dbo|w1319_entrega_dotac_elem_dot|c1319_rowid|1|PK_w1319
dbo|w1320_devolucion_dotac_docto|c1320_rowid|1|PK_w1320
dbo|w1321_devoluc_dotac_emplead|c1321_rowid|1|PK_w1321
dbo|w1322_devoluc_dotac_elem_pp|c1322_rowid|1|PK_w1322
dbo|w1323_devoluc_dotac_eqpospp|c1323_rowid|1|PK_w1323
dbo|w1324_devoluc_dotac_elem_dot|c1324_rowid|1|PK_w1324
dbo|w1325_origenes_amenazas|c1325_rowid|1|PK_w1325
dbo|w1326_matr_pel_efectos_posib|c1326_rowid|1|PK_w1326
dbo|w1327_aspectos_plan_emerg|c1327_rowid|1|PK_w1327
dbo|w1328_aspectos_inspeccion|c1328_rowid|1|PK_w1328
dbo|w1329_elementos_botiquin|c1329_rowid|1|PK_w1329
dbo|w1330_grupos_aspectos_evaluac|c1330_rowid|1|PK_w1330
dbo|w1331_matriz_requis_legales|c1331_rowid|1|PK_w1331
dbo|w1332_matr_req_leg_evidencias|c1332_rowid|1|PK_w1332
dbo|w1333_mrl_hsi_mpe_minterv|c1333_rowid|1|PK_w1333
dbo|w1334_polit_sst_matriz_legal|c1334_rowid|1|PK_w1334
dbo|w1341_tablas_vlres_clase|c1341_rowid|1|PK_w1341
dbo|w1342_tablas_vlres_rangos|c1342_rowid|1|PK_w1342
dbo|w1344_gastos_asociados|c1344_rowid|1|PK_w1344
dbo|w1345_recursos|c1345_rowid|1|PK_w1345
dbo|w1346_plan_emerg_elementos|c1346_rowid|1|PK_w1346
dbo|w1347_plan_emerg_aspectos|c1347_rowid|1|PK_w1347
dbo|w1348_plan_emerg_preguntas|c1348_rowid|1|PK_w1348
dbo|w1349_plan_emerg_crongrama|c1349_rowid|1|PK_w1349
dbo|w1350_plan_emerg_crongr_sgto|c1350_rowid|1|PK_w1350
dbo|w1351_inspecciones_seguridad|c1351_rowid|1|PK_w1351
dbo|w1352_inspecc_segur_aspectos|c1352_rowid|1|PK_w1352
dbo|w1353_inspecc_segur_preguntas|c1353_rowid|1|PK_w1353
dbo|w1354_inspecc_segur_elementos|c1354_rowid|1|PK_w1354
dbo|w1355_programac_inspec_segur|c1355_rowid|1|PK_w1355
dbo|w1356_docto_inspec_seguridad|c1356_rowid|1|PK_w1356
dbo|w1357_docto_insp_seg_aspectos|c1357_rowid|1|PK_w1357
dbo|w1358_docto_insp_seg_formular|c1358_rowid|1|PK_w1358
dbo|w1359_docto_insp_seg_element|c1359_rowid|1|PK_w1359
dbo|w1361_evaluaciones_sst|c1361_rowid|1|PK_w1361
dbo|w1362_evaluac_sst_aspectos|c1362_rowid|1|PK_w1362
dbo|w1363_evaluac_sst_preguntas|c1363_rowid|1|PK_w1363
dbo|w1364_docto_evaluaciones_sst|c1364_rowid|1|PK_w1364
dbo|w1365_docto_eval_sst_aspectos|c1365_rowid|1|PK_w1365
dbo|w1366_docto_eval_sst_formular|c1366_rowid|1|PK_w1366
dbo|w1367_docto_eval_sst_cronogr|c1367_rowid|1|PK_w1367
dbo|w1368_docto_eval_sst_cron_sgt|c1368_rowid|1|PK_w1368
dbo|w1369_docto_insp_seg_cronogr|c1369_rowid|1|PK_w1369
dbo|w1370_docto_insp_seg_cron_sgt|c1370_rowid|1|PK_w1370
dbo|w1371_certificados|c1371_rowid|1|PK_w1371
dbo|w1372_certificados_niveles|c1372_rowid|1|PK_w1372
dbo|w1373_cargos_certificados|c1373_rowid|1|PK_w1373
dbo|w1374_prospecto_certificados|c1374_rowid|1|PK_w1374
dbo|w1376_matr_pelig_pers_expue|c1376_rowid|1|PK_w1376
dbo|w1377_grupos_actividad|c1377_rowid|1|PK_w1377
dbo|w1378_categorias_riesgo|c1378_rowid|1|PK_w1378
dbo|w1379_log_cronogramas|c1379_rowid|1|PK_w1379
dbo|w1380_acc_tra_actividad_sgto|c1380_rowid|1|PK_w1380
dbo|w1381_programac_program_plan|c1381_rowid|1|PK_w1381
dbo|w1382_matriz_req_leg_cronogr|c1382_rowid|1|PK_w1382
dbo|w1383_matriz_req_leg_cron_sgt|c1383_rowid|1|PK_w1383
dbo|w1384_hojas_seguridad|c1384_rowid|1|PK_w1384
dbo|w1385_hojas_seguridad_campos|c1385_rowid|1|PK_w1385
dbo|w1386_hojas_segur_camp_selec|c1386_rowid|1|PK_w1386
dbo|w1387_clases|c1387_rowid|1|PK_w1387
dbo|w1388_divisiones|c1388_rowid|1|PK_w1388
dbo|w1389_productos_quimicos|c1389_rowid|1|PK_w1389
dbo|w1390_produc_quim_hoja_segur|c1390_rowid|1|PK_w1390
dbo|w1391_productos_quim_cronogr|c1391_rowid|1|PK_w1391
dbo|w1392_produc_quim_cronog_sgto|c1392_rowid|1|PK_w1392
dbo|w1393_cargos_productos_quimic|c1393_rowid|1|PK_w1393
dbo|w1394_at_efec_nivel_consec|c1394_rowid|1|PK_w1394
dbo|w1395_at_efec_nivel_probabil|c1395_rowid|1|PK_w1395
dbo|w1396_at_efec_nivel_riesgo|c1396_rowid|1|PK_w1396
dbo|w1397_at_efec_evaluac_cronog|c1397_rowid|1|PK_w1397
dbo|w1401_repor_plantillas|c1401_rowid|1|PK_w1401
dbo|w1402_areas_responsabilidad|c1402_rowid|1|PK_w1402
dbo|w1403_categorias_cargo|c1403_rowid|1|PK_w1403
dbo|w1404_niveles_cargo|c1404_rowid|1|PK_w1404
dbo|w1405_rutas_aprobacion|c1405_rowid|1|PK_w1405
dbo|w1406_rutas_aprobacion_firmas|c1406_rowid|1|PK_w1406
dbo|w1407_paises_nacionalidad|c1407_rowid|1|PK_w1407
dbo|w1408_sincron_prosp_empl_log|c1408_rowid|1|PK_w1408
dbo|w1409_estruc_conector_encab|c1409_rowid|1|PK_w1409
dbo|w1410_estruc_conector_detal|c1410_rowid|1|PK_w1410
dbo|w1411_terceros_funciones|c1411_rowid|1|PK_w1411
dbo|w1412_terceros_indicadores|c1412_rowid|1|PK_w1412
dbo|w1413_campos_requeridos_hv|c1413_rowid|1|PK_w1413
dbo|w1414_grupo_companias|c1414_rowid|1|PK_w1414
dbo|w1415_grupo_companias_detalle|c1415_rowid|1|PK_w1415
dbo|w1505_grupo_ccostos_ft|c1505_rowid|1|PK_w1505
dbo|w1506_grupo_ccostos_ft_det|c1506_rowid|1|PK_w1506
dbo|w1507_grupo_items_ft|c1507_rowid|1|PK_w1507
dbo|w1508_grupo_items_ft_det|c1508_rowid|1|PK_w1508
dbo|w1509_grupos_clasificacion_ft|c1509_rowid|1|PK_w1509
dbo|w1510_items_ft|c1510_rowid|1|PK_w1510
dbo|w1520_contratos_ft|c1520_rowid|1|PK_w1520
dbo|w1521_contratos_ft_items|c1521_rowid|1|PK_w1521
dbo|w1522_docto_ft|c1522_rowid|1|PK_w1522
dbo|w1523_movto_ft|c1523_rowid|1|PK_w1523
dbo|w1601_matriz_req_leg_cron_gas|c1601_rowid|1|PK_w1601
dbo|w1602_matriz_req_leg_cron_rec|c1602_rowid|1|PK_w1602
dbo|w1603_docto_eval_sst_cron_gas|c1603_rowid|1|PK_w1603
dbo|w1604_docto_eval_sst_cron_rec|c1604_rowid|1|PK_w1604
dbo|w1605_acc_tra_actividades_gas|c1605_rowid|1|PK_w1605
dbo|w1606_acc_tra_actividades_rec|c1606_rowid|1|PK_w1606
dbo|w1607_matr_pel_med_int_cgr_gas|c1607_rowid|1|PK_w1607
dbo|w1608_matr_pel_med_int_cgr_rec|c1608_rowid|1|PK_w1608
dbo|w1609_brigad_comit_cron_gas|c1609_rowid|1|PK_w1609
dbo|w1610_brigad_comit_cron_rec|c1610_rowid|1|PK_w1610
dbo|w1611_plan_emerg_cron_gas|c1611_rowid|1|PK_w1611
dbo|w1612_plan_emerg_cron_rec|c1612_rowid|1|PK_w1612
dbo|w1613_docto_insp_seg_cron_gas|c1613_rowid|1|PK_w1613
dbo|w1614_docto_insp_seg_cron_rec|c1614_rowid|1|PK_w1614
dbo|w1615_productos_quim_cron_gas|c1615_rowid|1|PK_w1615
dbo|w1616_productos_quim_cron_rec|c1616_rowid|1|PK_w1616
dbo|w1617_matr_pelig_cargos|c1617_rowid|1|PK_w1617
dbo|w1618_recomend_activ_cron_gas|c1618_rowid|1|PK_w1618
dbo|w1619_recomend_activ_cron_rec|c1619_rowid|1|PK_w1619
dbo|w1620_examenes_medic_periodos|c1620_rowid|1|PK_w1620
dbo|w1621_objetivos_generales|c1621_rowid|1|PK_w1621
dbo|w1622_objetivos_especificos|c1622_rowid|1|PK_w1622
dbo|w1623_metas|c1623_rowid|1|PK_w1623
dbo|w1624_acc_tra_condiones_subes|c1624_rowid|1|PK_w1624
dbo|w1625_acc_tra_actos_subes|c1625_rowid|1|PK_w1625
dbo|w1626_acc_tra_factores_person|c1626_rowid|1|PK_w1626
dbo|w1627_acc_tra_factores_trabaj|c1627_rowid|1|PK_w1627
dbo|w1628_recomendac_activid_sgto|c1628_rowid|1|PK_w1628
dbo|w1629_ind_perfil_sociodemogr|c1629_rowid|1|PK_w1629
dbo|w1630_plantilla_perf_sodem_enc|c1630_rowid|1|PK_w1630
dbo|w1631_plantilla_perf_sodem_det|c1631_rowid|1|PK_w1631
dbo|w1632_peor_consecuencia|c1632_rowid|1|PK_w1632
dbo|w1633_acc_tra_firmas_inv|c1633_rowid|1|PK_w1633
dbo|w1634_matr_pelig_peor_conse|c1634_rowid|1|PK_w1634
dbo|w1635_recomen_medic_diagnos|c1635_rowid|1|PK_w1635
dbo|w1636_progr_pro_plan_cron_gas|c1636_rowid|1|PK_w1636
dbo|w1637_progr_pro_plan_cron_rec|c1637_rowid|1|PK_w1637
dbo|w1638_gestion_cambios|c1638_rowid|1|PK_w1638
dbo|w1639_param_requisicion_erp|c1639_rowid|1|PK_w1639
dbo|w1640_program_activ_cronogr|c1640_rowid|1|PK_w1640
dbo|w1641_program_act_cron_sgt|c1641_rowid|1|PK_w1641
dbo|w1642_docto_enferm_laboral|c1642_rowid|1|PK_w1642
dbo|w1643_docto_enf_lab_diag|c1643_rowid|1|PK_w1643
dbo|w1644_docto_enf_lab_cronogr|c1644_rowid|1|PK_w1644
dbo|w1645_dcto_enf_lab_cron_sgt|c1645_rowid|1|PK_w1645
dbo|w1646_dcto_enf_lab_cron_gas|c1646_rowid|1|PK_w1646
dbo|w1647_dcto_enf_lab_cron_rec|c1647_rowid|1|PK_w1647
dbo|w1648_planes_emerg_cronogr|c1648_rowid|1|PK_w1648
dbo|w1649_planes_emerg_cron_sgt|c1649_rowid|1|PK_w1649
dbo|w1650_program_cron_gas|c1650_rowid|1|PK_w1650
dbo|w1651_program_cron_rec|c1651_rowid|1|PK_w1651
dbo|w1652_planes_emerg_cron_gas|c1652_rowid|1|PK_w1652
dbo|w1653_planes_emerg_cron_rec|c1653_rowid|1|PK_w1653
dbo|w1654_dcto_eval_objeti_metas|c1654_rowid|1|PK_w1654
dbo|w1655_dcto_eva_obj_met_form|c1655_rowid|1|PK_w1655
dbo|w1656_dcto_reu_act_des_odia|c1656_rowid|1|PK_w1656
dbo|w1657_aprobadores_pl_tr_anual|c1657_rowid|1|PK_w1657
dbo|w1658_docto_plan_trab_anual|c1658_rowid|1|PK_w1658
dbo|w1659_docto_pta_aprobadores|c1659_rowid|1|PK_w1659
dbo|w1660_docto_pta_aprobacion|c1660_rowid|1|PK_w1660
dbo|w1661_docto_pta_activ_cronogr|c1661_rowid|1|PK_w1661
dbo|w1662_docto_pta_cierre|c1662_rowid|1|PK_w1662
dbo|w1700_nm_dian_parametros|c1700_rowid|1|PK_w1700
dbo|w1702_nm_dian_equivalencias|c1702_interno|1|PK_w1702
dbo|w1703_nm_dian_equiv_cptos|c1703_rowid|1|PK_w1703
dbo|w1705_nm_dian_etiquetas_pt|c1705_rowid|1|PK_w1705
dbo|w1706_nm_dian_prov_pt|c1706_rowid|1|PK_w1706
dbo|w1707_nm_dian_prov_pt_detalle|c1707_rowid|1|PK_w1707
dbo|w1710_nm_dian_doctos|c1710_rowid|1|PK_w1710
dbo|w1711_nm_dian_mov_xml|c1711_rowid|1|PK_w1711
dbo|w1712_nm_dian_movimientos|c1712_rowid_w1710|1|PK_w1712
dbo|w1713_nm_dian_movtos|c1713_rowid_w1710|1|PK_w1713
dbo|w1713_nm_dian_movtos|c1713_rowid_tercero|2|PK_w1713
dbo|w1713_nm_dian_movtos|c1713_rowid_contrato|3|PK_w1713
dbo|w1713_nm_dian_movtos|c1713_rowid_w0602|4|PK_w1713
dbo|w1750_nm_dian_doctos_recibidos|c1750_rowid|1|PK_w1750
dbo|w1752_ne_log_doctos|c1752_rowid_w1750|1|PK_w1752
dbo|w1753_periodos|c1753_anomes|1|PK_w1753
dbo|w1754_nm_dian_cias|c1754_rowid|1|PK_w1754
dbo|w1755_nm_dian_terceros|c1755_id|1|PK_w1755
dbo|w1800_cargos_esc_salarial|c1800_rowid|1|PK_w1800
dbo|w1801_cargos_esc_sal_detalle|c1801_rowid|1|PK_w1801
dbo|w1802_param_dscto_docentes|c1802_rowid|1|PK_w1802
dbo|w1802_param_dscto_docentes|c1802_id_cia|2|PK_w1802
dbo|w1803_ingreso_cargos|c1803_rowid|1|PK_w1803
dbo|w2000_reglas_formulacion|c2000_id|1|PK_w2000
dbo|w2001_formulas_usuario|c2001_rowid|1|PK_w2001
dbo|w2003_orden_liq_formulacion|c2003_rowid|1|PK_w2003
dbo|w2004_contratos_formulacion|c2004_rowid|1|PK_w2004
dbo|w2100_docto_nomina_emp|c2100_rowid|1|PK_w2100
dbo|w2200_contab_otros_sistemas|c2200_rowid|1|PK_w2200
dbo|ZeusFormulacionFunciones|Nombre|1|PK_FormulacionFunciones
dbo|ZeusFormulacionFuncionesGrupos|Iden_zeusformulacionfuncionesgrupos|1|PK_ZeusFormulacionFuncionesGrupos
dbo|ZeusFormulacionFuncionesVB|Nombre|1|PK_FormulacionFuncionesVB
dbo|ZeusFormulacionGrupos|Iden|1|PK_ZeusFormulacionGrupos
dbo|ZeusFormulacionPropiedades|Nombre|1|PK_FormulacionPropiedades
dbo|ZeusFormulacionPropiedadesGrupos|Iden_zeusformulacionpropiedadesgrupos|1|PK_ZeusFormulacionPropiedadesGrupos

(3460 rows affected)
